year,scenario_id,scenario_name_cn,process_type_p,facility_count,annual_wastewater_m3_year,process_electricity_kwh_year,process_electricity_carbon_tco2_year,shadow_avoided_carbon_tco2_year,process_carbon_share_pct,process_carbon_10k_tco2_year,process_name_cn
1984,estimated_base,估算基准,high_pond_lagoon,193,214328000.0,51405598.50934929,28006.060193863646,13936.0096445075,0.31747663182419006,2.8006060193863647,稳定塘/氧化塘
1984,estimated_base,估算基准,low_conventional,166,13498795000.0,4339359569.740999,2290875.9895989858,7972.81373263131,25.969364775704918,229.08759895989857,常规工艺
1984,estimated_base,估算基准,medium_oxidation_sbr,2127,20547492500.0,12134789941.501085,6502573.574497838,362302.3407141786,73.7131585924709,650.2573574497837,氧化沟/SBR
1985,estimated_base,估算基准,high_pond_lagoon,193,214328000.0,50737190.591128126,27631.932612669236,12553.770508595,0.3160954305632084,2.7631932612669234,稳定塘/氧化塘
1985,estimated_base,估算基准,low_conventional,166,13498795000.0,4307910552.842457,2274812.2061998453,5808.15479417019,26.022709082588534,227.48122061998453,常规工艺
1985,estimated_base,估算基准,medium_oxidation_sbr,2127,20547492500.0,12013714223.090702,6439198.397251856,320503.5168971554,73.66119548684826,643.9198397251855,氧化沟/SBR
1986,estimated_base,估算基准,high_pond_lagoon,193,214328000.0,50364474.68971476,27406.08952518025,16730.0755502925,0.3164085741017703,2.740608952518025,稳定塘/氧化塘
1986,estimated_base,估算基准,low_conventional,166,13498795000.0,4281339340.5472574,2259229.215815283,8774.8001218062,26.083235774603743,225.9229215815283,常规工艺
1986,estimated_base,估算基准,medium_oxidation_sbr,2127,20547492500.0,11903713655.130922,6374978.749519284,454187.13941406895,73.6003556512945,637.4978749519283,氧化沟/SBR
1987,estimated_base,估算基准,high_pond_lagoon,193,214328000.0,49517806.262852356,26930.76864119479,12837.9487430125,0.31296277572656916,2.693076864119479,稳定塘/氧化塘
1987,estimated_base,估算基准,low_conventional,166,13498795000.0,4260635214.766674,2248819.7925526705,5571.94130125332,26.133560974920133,224.88197925526705,常规工艺
1987,estimated_base,估算基准,medium_oxidation_sbr,2127,20547492500.0,11814836148.470434,6329352.259316584,306137.2913221638,73.5534762493533,632.9352259316585,氧化沟/SBR
1988,estimated_base,估算基准,high_pond_lagoon,193,214328000.0,50515433.27726671,27526.708991740292,12839.402908235,0.32031282197230654,2.752670899174029,稳定塘/氧化塘
1988,estimated_base,估算基准,low_conventional,166,13498795000.0,4247663636.2190533,2240404.4498197213,8262.84828240456,26.07032580234713,224.04044498197212,常规工艺
1988,estimated_base,估算基准,medium_oxidation_sbr,2127,20547492500.0,11815884574.61744,6325764.473553884,404942.6959888826,73.60936137568056,632.5764473553884,氧化沟/SBR
1989,estimated_base,估算基准,high_pond_lagoon,193,214328000.0,50252876.732405275,27344.251304554276,13503.00672899,0.3201414197918739,2.7344251304554277,稳定塘/氧化塘
1989,estimated_base,估算基准,low_conventional,166,13498795000.0,4219598753.8195024,2225129.889715507,7381.94581330374,26.051407814417395,222.51298897155073,常规工艺
1989,estimated_base,估算基准,medium_oxidation_sbr,2127,20547492500.0,11758812167.123861,6288829.67475328,371376.97385235986,73.62845076579073,628.8829674753281,氧化沟/SBR
1990,estimated_base,估算基准,high_pond_lagoon,193,214328000.0,49411291.466537505,26889.848861186885,10708.976527215,0.3182198273590185,2.6889848861186887,稳定塘/氧化塘
1990,estimated_base,估算基准,low_conventional,166,13498795000.0,4157804014.8508897,2192373.0898925024,4426.0089321708,25.944979823934812,219.23730898925024,常规工艺
1990,estimated_base,估算基准,medium_oxidation_sbr,2127,20547492500.0,11639621088.842817,6230822.99220545,232909.05200048783,73.73680034870618,623.082299220545,氧化沟/SBR
1991,estimated_base,估算基准,high_pond_lagoon,193,214328000.0,49948612.24208734,27200.482789787373,14046.625582995,0.31688063239978537,2.7200482789787372,稳定塘/氧化塘
1991,estimated_base,估算基准,low_conventional,166,13498795000.0,4230163282.7742133,2234163.6740962034,7064.5236181707905,26.02759676743837,223.41636740962034,常规工艺
1991,estimated_base,估算基准,medium_oxidation_sbr,2127,20547492500.0,11793680450.20416,6322462.056724469,346293.024042023,73.65552260016185,632.2462056724469,氧化沟/SBR
1992,estimated_base,估算基准,high_pond_lagoon,193,214328000.0,50121924.07896459,27262.541073059605,15475.0243863125,0.3176583500914794,2.7262541073059605,稳定塘/氧化塘
1992,estimated_base,估算基准,low_conventional,166,13498795000.0,4235355327.6692576,2232818.5784781273,9559.30252761729,26.016410715061948,223.28185784781272,常规工艺
1992,estimated_base,估算基准,medium_oxidation_sbr,2127,20547492500.0,11814138499.370228,6322265.626633362,429583.2374280793,73.66593093484659,632.2265626633362,氧化沟/SBR
1993,estimated_base,估算基准,high_pond_lagoon,193,214328000.0,50282664.31755225,27404.7949962295,13683.4429259,0.3166958107767776,2.74047949962295,稳定塘/氧化塘
1993,estimated_base,估算基准,low_conventional,166,13498795000.0,4265037728.499585,2250786.623495444,6607.286675697631,26.01058299146147,225.07866234954443,常规工艺
1993,estimated_base,估算基准,medium_oxidation_sbr,2127,20547492500.0,11892489225.122046,6375157.967157672,338506.23355064273,73.67272119776176,637.5157967157672,氧化沟/SBR
1994,estimated_base,估算基准,high_pond_lagoon,193,214328000.0,48173251.58138839,26192.40073993931,17661.675105955,0.3169609282192606,2.619240073993931,稳定塘/氧化塘
1994,estimated_base,估算基准,low_conventional,166,13498795000.0,4071455924.6998916,2144440.6546838535,10105.481012824619,25.950423833553792,214.44406546838536,常规工艺
1994,estimated_base,估算基准,medium_oxidation_sbr,2127,20547492500.0,11389058267.143707,6092972.458067283,440835.2086553683,73.73261523822696,609.2972458067283,氧化沟/SBR
1995,estimated_base,估算基准,high_pond_lagoon,193,214328000.0,49364329.57789745,26850.48493519664,18837.712943015,0.31582919612737653,2.685048493519664,稳定塘/氧化塘
1995,estimated_base,估算基准,low_conventional,166,13498795000.0,4201978108.187848,2214968.8239651727,9927.25782139521,26.053601073071192,221.49688239651726,常规工艺
1995,estimated_base,估算基准,medium_oxidation_sbr,2127,20547492500.0,11689502319.357603,6259764.8588811355,452860.5158611117,73.63056973080143,625.9764858881135,氧化沟/SBR
1996,estimated_base,估算基准,high_pond_lagoon,193,214328000.0,50239106.46649659,27370.31102073595,15245.58297343,0.31645528956844543,2.737031102073595,稳定塘/氧化塘
1996,estimated_base,估算基准,low_conventional,166,13498795000.0,4256663325.1827307,2247062.2006729566,8061.6057052407305,25.980512930727684,224.70622006729567,常规工艺
1996,estimated_base,估算基准,medium_oxidation_sbr,2127,20547492500.0,11886947711.261763,6374596.88454779,375619.8366311062,73.70303177970388,637.459688454779,氧化沟/SBR
1997,estimated_base,估算基准,high_pond_lagoon,193,214328000.0,48600971.8446506,26381.99137385644,19465.03616025,0.3170625235909635,2.638199137385644,稳定塘/氧化塘
1997,estimated_base,估算基准,low_conventional,166,13498795000.0,4111947076.483907,2164321.858097511,11026.98176242245,26.01112783591854,216.43218580975108,常规工艺
1997,estimated_base,估算基准,medium_oxidation_sbr,2127,20547492500.0,11472351683.90464,6130049.759331469,509401.8289060829,73.67180964049051,613.004975933147,氧化沟/SBR
1998,estimated_base,估算基准,high_pond_lagoon,193,214328000.0,47999216.55679091,26091.818166643967,11958.34628093,0.3174876669732071,2.6091818166643965,稳定塘/氧化塘
1998,estimated_base,估算基准,low_conventional,166,13498795000.0,4050751720.9021835,2134723.6138205063,5526.357187333349,25.97551521537607,213.47236138205062,常规工艺
1998,estimated_base,估算基准,medium_oxidation_sbr,2127,20547492500.0,11322921708.746384,6057399.283372442,287492.749147519,73.70699711765072,605.7399283372442,氧化沟/SBR
1999,estimated_base,估算基准,high_pond_lagoon,193,214328000.0,48628085.540988624,26401.59097430021,15471.550732560001,0.3181928313077148,2.6401590974300206,稳定塘/氧化塘
1999,estimated_base,估算基准,low_conventional,166,13498795000.0,4114194502.3512297,2167829.28162289,7790.59893468132,26.126748860809517,216.78292816228898,常规工艺
1999,estimated_base,估算基准,medium_oxidation_sbr,2127,20547492500.0,11420297625.632677,6103124.811311357,413346.2644309526,73.55505830788277,610.3124811311357,氧化沟/SBR
2000,estimated_base,估算基准,high_pond_lagoon,193,214328000.0,49525912.91399778,26917.696946963923,14836.3568803075,0.3179678431062229,2.6917696946963923,稳定塘/氧化塘
2000,estimated_base,估算基准,low_conventional,166,13498795000.0,4176911906.560645,2200683.4076353326,7466.00647382697,25.995781060473846,220.06834076353326,常规工艺
2000,estimated_base,估算基准,medium_oxidation_sbr,2127,20547492500.0,11663435750.066078,6237939.524937142,355073.5586295236,73.68625109641994,623.7939524937142,氧化沟/SBR
2001,estimated_base,估算基准,high_pond_lagoon,193,214328000.0,49283919.259396136,26812.5958050959,15623.186574285,0.3172463356198283,2.68125958050959,稳定塘/氧化塘
2001,estimated_base,估算基准,low_conventional,166,13498795000.0,4170965575.30366,2198780.0364957107,8607.9717207654,26.01594095860431,219.87800364957107,常规工艺
2001,estimated_base,估算基准,medium_oxidation_sbr,2127,20547492500.0,11630932153.36791,6226071.829862355,426396.5986827489,73.66681270577587,622.6071829862356,氧化沟/SBR
2002,estimated_base,估算基准,high_pond_lagoon,193,214328000.0,48827403.490866505,26550.82630262889,14574.5366200425,0.3185109050693359,2.655082630262889,稳定塘/氧化塘
2002,estimated_base,估算基准,low_conventional,166,13498795000.0,4117789260.2278256,2169992.155724434,8240.70835033887,26.031813761092398,216.9992155724434,常规工艺
2002,estimated_base,估算基准,medium_oxidation_sbr,2127,20547492500.0,11477341136.458092,6139380.805841081,420669.33898150316,73.64967533383826,613.9380805841081,氧化沟/SBR
2003,estimated_base,估算基准,high_pond_lagoon,193,214328000.0,49951983.681307785,27243.15521308678,11808.3373268825,0.31749250627078746,2.724315521308678,稳定塘/氧化塘
2003,estimated_base,估算基准,low_conventional,166,13498795000.0,4202206571.986765,2220456.3893747777,7782.626653851839,25.877261962260956,222.04563893747778,常规工艺
2003,estimated_base,估算基准,medium_oxidation_sbr,2127,20547492500.0,11799759685.360256,6333024.307159129,298582.1428978327,73.80524553146826,633.3024307159128,氧化沟/SBR
2004,estimated_base,估算基准,high_pond_lagoon,193,214328000.0,49360728.36089976,26849.85590440342,18335.2225220225,0.3183523886265618,2.684985590440342,稳定塘/氧化塘
2004,estimated_base,估算基准,low_conventional,166,13498795000.0,4141684464.7239666,2183933.2430855655,10189.66177411536,25.89437973196793,218.39332430855654,常规工艺
2004,estimated_base,估算基准,medium_oxidation_sbr,2127,20547492500.0,11625456220.99704,6223221.753381099,437255.6911902303,73.78726787940552,622.3221753381099,氧化沟/SBR
2005,estimated_base,估算基准,high_pond_lagoon,193,214328000.0,49737823.735782415,27077.329947399354,16443.424233835,0.31639353264377634,2.7077329947399353,稳定塘/氧化塘
2005,estimated_base,估算基准,low_conventional,166,13498795000.0,4213141201.7342653,2223366.850822125,7997.11084482573,25.979625526638905,222.3366850822125,常规工艺
2005,estimated_base,估算基准,medium_oxidation_sbr,2127,20547492500.0,11774403672.611221,6307673.212194189,364733.05252702266,73.7039809407173,630.7673212194189,氧化沟/SBR
2006,estimated_base,估算基准,high_pond_lagoon,193,214328000.0,48482262.27234061,26376.040238112717,16981.541863685,0.3167427534089988,2.6376040238112717,稳定塘/氧化塘
2006,estimated_base,估算基准,low_conventional,166,13498795000.0,4106004268.980432,2164851.8543225345,9123.10219207713,25.997122042219033,216.48518543225345,常规工艺
2006,estimated_base,估算基准,medium_oxidation_sbr,2127,20547492500.0,11461442142.418068,6136047.143064054,425619.68263007334,73.68613520437196,613.6047143064054,氧化沟/SBR
2007,estimated_base,估算基准,high_pond_lagoon,193,214328000.0,48667413.30826206,26463.872967863383,16103.7507092725,0.31924653460504865,2.6463872967863384,稳定塘/氧化塘
2007,estimated_base,估算基准,low_conventional,166,13498795000.0,4079471295.016262,2149847.178809239,8498.81485124904,25.934649195102388,214.9847178809239,常规工艺
2007,estimated_base,估算基准,medium_oxidation_sbr,2127,20547492500.0,11426899248.332787,6113167.485743373,392848.96067730576,73.74610427029256,611.3167485743372,氧化沟/SBR
2008,estimated_base,估算基准,high_pond_lagoon,193,214328000.0,50226168.09074179,27340.059589589728,15604.2233054325,0.3190127418364684,2.734005958958973,稳定塘/氧化塘
2008,estimated_base,估算基准,low_conventional,166,13498795000.0,4219292488.3637705,2225433.374825578,7188.6540925238705,25.967083222738,222.54333748255783,常规工艺
2008,estimated_base,估算基准,medium_oxidation_sbr,2127,20547492500.0,11799439339.635357,6317435.840675395,369228.1282476739,73.71390403542551,631.7435840675395,氧化沟/SBR
2009,estimated_base,估算基准,high_pond_lagoon,193,214328000.0,49434628.963442415,26927.002180262363,15892.6883309325,0.31722211112309034,2.6927002180262365,稳定塘/氧化塘
2009,estimated_base,估算基准,low_conventional,166,13498795000.0,4173535174.9205775,2203491.212809428,8185.23877635285,25.958928873298547,220.34912128094282,常规工艺
2009,estimated_base,估算基准,medium_oxidation_sbr,2127,20547492500.0,11674064459.13955,6257956.723607824,414483.0870703949,73.72384901557835,625.7956723607824,氧化沟/SBR
2010,estimated_base,估算基准,high_pond_lagoon,193,214328000.0,50193054.87671321,27359.313942586043,13950.0736787775,0.31545015600618154,2.7359313942586043,稳定塘/氧化塘
2010,estimated_base,估算基准,low_conventional,166,13498795000.0,4273110679.1029596,2257783.080470383,5878.72534269234,26.032013319380027,225.7783080470383,常规工艺
2010,estimated_base,估算基准,medium_oxidation_sbr,2127,20547492500.0,11909952107.149029,6387959.654092569,342637.596861299,73.65253652461381,638.7959654092568,氧化沟/SBR
2011,estimated_base,估算基准,high_pond_lagoon,193,214328000.0,50731882.3475659,27640.75308249422,15735.919609280001,0.31793294359125873,2.764075308249422,稳定塘/氧化塘
2011,estimated_base,估算基准,low_conventional,166,13498795000.0,4279203740.7151093,2258738.935710527,9605.49448016568,25.980750831620725,225.8738935710527,常规工艺
2011,estimated_base,估算基准,medium_oxidation_sbr,2127,20547492500.0,11956270382.554022,6407514.303529384,439439.3207659003,73.70131622478803,640.7514303529383,氧化沟/SBR
2012,estimated_base,估算基准,high_pond_lagoon,193,214328000.0,50842012.04776637,27737.31106856811,13261.26218713,0.3187299886192127,2.773731106856811,稳定塘/氧化塘
2012,estimated_base,估算基准,low_conventional,166,13498795000.0,4280046278.710248,2261518.727580676,6670.84871548881,25.98715630805145,226.15187275806758,常规工艺
2012,estimated_base,估算基准,medium_oxidation_sbr,2127,20547492500.0,11959780865.361847,6413191.819718401,357994.963842387,73.69411370332935,641.3191819718401,氧化沟/SBR
2013,estimated_base,估算基准,high_pond_lagoon,193,214328000.0,48927284.03745473,26622.389575651105,15488.327097325,0.31494944482791754,2.6622389575651106,稳定塘/氧化塘
2013,estimated_base,估算基准,low_conventional,166,13498795000.0,4172123144.0501957,2200762.0195932505,8504.841276651241,26.0355583145398,220.07620195932506,常规工艺
2013,estimated_base,估算基准,medium_oxidation_sbr,2127,20547492500.0,11619909340.280128,6225524.466475277,418163.64758093783,73.64949224063228,622.5524466475277,氧化沟/SBR
2014,estimated_base,估算基准,high_pond_lagoon,193,214328000.0,49075134.76943754,26687.89911400944,13379.0076259525,0.32003342711667593,2.668789911400944,稳定塘/氧化塘
2014,estimated_base,估算基准,low_conventional,166,13498795000.0,4118836030.258485,2171808.6970627434,7910.23362375117,26.04369034046351,217.18086970627434,常规工艺
2014,estimated_base,估算基准,medium_oxidation_sbr,2127,20547492500.0,11482639422.369402,6140600.777010993,395824.3277384649,73.63627623241982,614.0600777010993,氧化沟/SBR
2015,estimated_base,估算基准,high_pond_lagoon,193,214328000.0,48801322.84757736,26569.526987527046,13723.1018924425,0.3173547292067001,2.6569526987527046,稳定塘/氧化塘
2015,estimated_base,估算基准,low_conventional,166,13498795000.0,4129761288.420031,2179964.769378168,6854.5060412673,26.0381801072683,217.9964769378168,常规工艺
2015,estimated_base,估算基准,medium_oxidation_sbr,2127,20547492500.0,11507311218.314335,6165651.318748214,349509.96934283397,73.644465163525,616.5651318748214,氧化沟/SBR
2016,estimated_base,估算基准,high_pond_lagoon,193,214328000.0,48744085.894161984,26524.198222844465,11772.0652412875,0.31791852078660576,2.6524198222844464,稳定塘/氧化塘
2016,estimated_base,估算基准,low_conventional,166,13498795000.0,4119223562.7539544,2171350.782156374,5653.730295532079,26.025767978820525,217.13507821563738,常规工艺
2016,estimated_base,估算基准,medium_oxidation_sbr,2127,20547492500.0,11480445212.35988,6145205.553971946,298170.8075118577,73.65631350039287,614.5205553971946,氧化沟/SBR
2017,estimated_base,估算基准,high_pond_lagoon,193,214328000.0,48396580.02964935,26310.331902688475,13790.578717965001,0.31859768674225286,2.6310331902688473,稳定塘/氧化塘
2017,estimated_base,估算基准,low_conventional,166,13498795000.0,4078443435.801258,2149546.8924912554,7234.30228245588,26.02934353031604,214.95468924912555,常规工艺
2017,estimated_base,估算基准,medium_oxidation_sbr,2127,20547492500.0,11372223767.162668,6082310.6774884295,378304.46559068083,73.65205878294171,608.231067748843,氧化沟/SBR
2018,estimated_base,估算基准,high_pond_lagoon,193,214328000.0,48873888.933720395,26588.62147757361,12240.930254065,0.31981701803129503,2.658862147757361,稳定塘/氧化塘
2018,estimated_base,估算基准,low_conventional,166,13498795000.0,4094564311.157551,2158411.9244389404,6161.14839219348,25.96211563429444,215.84119244389404,常规工艺
2018,estimated_base,估算基准,medium_oxidation_sbr,2127,20547492500.0,11454201719.633179,6128697.593490137,336087.31033797725,73.71806734767425,612.8697593490136,氧化沟/SBR
2019,estimated_base,估算基准,high_pond_lagoon,193,214328000.0,48293300.72656988,26274.734789912432,14585.843135235,0.3208960319387474,2.6274734789912433,稳定塘/氧化塘
2019,estimated_base,估算基准,low_conventional,166,13498795000.0,4038959621.3219066,2129550.485061994,8795.63469719274,26.008418579052233,212.95504850619938,常规工艺
2019,estimated_base,估算基准,medium_oxidation_sbr,2127,20547492500.0,11279379487.365616,6032102.387469755,444032.4293792965,73.67068538900902,603.2102387469755,氧化沟/SBR
2020,estimated_base,估算基准,high_pond_lagoon,193,214328000.0,48814803.062301695,26574.650904604805,10150.6066062675,0.3189131958845578,2.6574650904604806,稳定塘/氧化塘
2020,estimated_base,估算基准,low_conventional,166,13498795000.0,4100800241.1146955,2163528.7171346024,4595.805522472981,25.963759977364575,216.35287171346025,常规工艺
2020,estimated_base,估算基准,medium_oxidation_sbr,2127,20547492500.0,11471728542.206678,6142775.68730865,255603.4264495508,73.71732682675086,614.277568730865,氧化沟/SBR
2021,estimated_base,估算基准,high_pond_lagoon,193,214328000.0,48225132.462745026,26236.684971604485,9303.18567567,0.3182198145592941,2.6236684971604487,稳定塘/氧化塘
2021,estimated_base,估算基准,low_conventional,166,13498795000.0,4052961903.647179,2138690.0176293016,2840.7891566298304,25.939768745418217,213.86900176293017,常规工艺
2021,estimated_base,估算基准,medium_oxidation_sbr,2127,20547492500.0,11351028972.427135,6079903.999704649,189542.55360466748,73.74201144002248,607.9903999704649,氧化沟/SBR
2022,estimated_base,估算基准,high_pond_lagoon,193,214328000.0,48330853.18886529,26287.208039504298,12879.808829797501,0.31637979421459733,2.6287208039504297,稳定塘/氧化塘
2022,estimated_base,估算基准,low_conventional,166,13498795000.0,4093322513.0502644,2157410.982264323,6008.5394699239805,25.965528236370666,215.7410982264323,常规工艺
2022,estimated_base,估算基准,medium_oxidation_sbr,2127,20547492500.0,11439009318.664488,6125052.406352146,323838.2550240029,73.71809196941473,612.5052406352146,氧化沟/SBR
2023,estimated_base,估算基准,high_pond_lagoon,193,214328000.0,47748544.30758775,26005.535056709094,11827.4753871075,0.31908815026779397,2.6005535056709093,稳定塘/氧化塘
2023,estimated_base,估算基准,low_conventional,166,13498795000.0,4019573113.931632,2119971.956180415,5474.89720056483,26.012075069483643,211.9971956180415,常规工艺
2023,estimated_base,估算基准,medium_oxidation_sbr,2127,20547492500.0,11211572369.895206,6003975.753621392,312973.85152925854,73.66883678024855,600.3975753621392,氧化沟/SBR
2024,estimated_base,估算基准,high_pond_lagoon,193,214328000.0,47205200.35183957,25669.243255149955,9666.4655645825,0.317111921970541,2.5669243255149956,稳定塘/氧化塘
2024,estimated_base,估算基准,low_conventional,166,13498795000.0,3995716097.9969435,2106656.6354747713,3732.7426884494403,26.025151110497575,210.66566354747712,常规工艺
2024,estimated_base,估算基准,medium_oxidation_sbr,2127,20547492500.0,11139749681.072727,5962369.235739653,232907.41987011582,73.65773696753189,596.2369235739653,氧化沟/SBR
1984,estimated_lower,估算下界,high_pond_lagoon,193,214328000.0,17135199.50311643,7468.282718363641,6373.117785702502,0.1788398496037314,0.7468282718363641,稳定塘/氧化塘
1984,estimated_lower,估算下界,low_conventional,166,13498795000.0,2479634039.8519998,1047257.5952452508,3396.368133088806,25.07824059331582,104.72575952452509,常规工艺
1984,estimated_lower,估算下界,medium_oxidation_sbr,2127,20547492500.0,7280873964.900651,3121235.3157589617,164170.38590167084,74.74291955708046,312.12353157589615,氧化沟/SBR
1985,estimated_lower,估算下界,high_pond_lagoon,193,214328000.0,16912396.86370938,7368.515363378463,5722.172519115538,0.1780652740941504,0.7368515363378463,稳定塘/氧化塘
1985,estimated_lower,估算下界,low_conventional,166,13498795000.0,2461663173.0528326,1039914.1514056437,2407.0388180047707,25.130245276374126,103.99141514056437,常规工艺
1985,estimated_lower,估算下界,medium_oxidation_sbr,2127,20547492500.0,7208228533.854422,3090815.230680891,142335.02439599438,74.69168944953172,309.0815230680891,氧化沟/SBR
1986,estimated_lower,估算下界,high_pond_lagoon,193,214328000.0,16788158.22990492,7308.290540048068,7814.889271405018,0.17824713738412365,0.7308290540048068,稳定塘/氧化塘
1986,estimated_lower,估算下界,low_conventional,166,13498795000.0,2446479623.169862,1032790.4986584152,3805.6864922636146,25.189467891922824,103.27904986584151,常规工艺
1986,estimated_lower,估算下界,medium_oxidation_sbr,2127,20547492500.0,7142228193.078553,3059989.7997692563,211299.94897621864,74.63228497069305,305.9989799769256,氧化沟/SBR
1987,estimated_lower,估算下界,high_pond_lagoon,193,214328000.0,16505935.420950787,7181.538304318612,6059.166636048335,0.17630751104423564,0.7181538304318612,稳定塘/氧化塘
1987,estimated_lower,估算下界,low_conventional,166,13498795000.0,2434648694.152385,1028031.9051669353,2508.951096978901,25.238290014418176,102.80319051669353,常规工艺
1987,estimated_lower,估算下界,medium_oxidation_sbr,2127,20547492500.0,7088901689.082261,3038089.0844719606,139603.40885054422,74.58540247453759,303.8089084471961,氧化沟/SBR
1988,estimated_lower,估算下界,high_pond_lagoon,193,214328000.0,16838477.759088904,7340.455731130745,5558.530673800066,0.1804486254777755,0.7340455731130745,稳定塘/氧化塘
1988,estimated_lower,估算下界,low_conventional,166,13498795000.0,2427236363.553745,1024184.8913461585,3447.343455917884,25.17728634950163,102.41848913461584,常规工艺
1988,estimated_lower,估算下界,medium_oxidation_sbr,2127,20547492500.0,7089530744.770464,3036366.947305864,184149.2098166144,74.64226502502059,303.63669473058644,氧化沟/SBR
1989,estimated_lower,估算下界,high_pond_lagoon,193,214328000.0,16750958.91080176,7291.8003478811415,6359.701103269223,0.1803502790349576,0.7291800347881141,稳定塘/氧化塘
1989,estimated_lower,估算下界,low_conventional,166,13498795000.0,2411199287.8968587,1017202.2352985177,3477.0815030283275,25.15876713826622,101.72022352985178,常规工艺
1989,estimated_lower,估算下界,medium_oxidation_sbr,2127,20547492500.0,7055287300.274317,3018638.2438815744,175383.5990806415,74.66088258269882,301.8638243881574,氧化沟/SBR
1990,estimated_lower,估算下界,high_pond_lagoon,193,214328000.0,16470430.488845836,7170.62636298317,4640.425735466602,0.1792569937530429,0.717062636298317,稳定塘/氧化塘
1990,estimated_lower,估算下界,low_conventional,166,13498795000.0,2375888008.486223,1002227.6982365727,1665.5677391516538,25.0544813169122,100.22276982365727,常规工艺
1990,estimated_lower,估算下界,medium_oxidation_sbr,2127,20547492500.0,6983772653.30569,2990795.036258616,93413.01256036045,74.76626168933477,299.0795036258616,氧化沟/SBR
1991,estimated_lower,估算下界,high_pond_lagoon,193,214328000.0,16649537.414029116,7253.462077276634,6601.831137495815,0.17850865290253373,0.7253462077276633,稳定塘/氧化塘
1991,estimated_lower,估算下界,low_conventional,166,13498795000.0,2417236161.585265,1021331.9653011218,2984.794138685419,25.135113598147147,102.13319653011219,常规工艺
1991,estimated_lower,估算下界,medium_oxidation_sbr,2127,20547492500.0,7076208270.122497,3034781.787227745,155995.95199628625,74.68637774895032,303.47817872277454,氧化沟/SBR
1992,estimated_lower,估算下界,high_pond_lagoon,193,214328000.0,16707308.026321532,7270.0109528158955,7088.626572870922,0.17894642596859278,0.7270010952815895,稳定塘/氧化塘
1992,estimated_lower,估算下界,low_conventional,166,13498795000.0,2420203044.382433,1020717.0644471439,4226.507023132319,25.124263469950193,102.0717064447144,常规工艺
1992,estimated_lower,估算下界,medium_oxidation_sbr,2127,20547492500.0,7088483099.622137,3034687.500784014,198418.9530571704,74.69679010408122,303.4687500784014,氧化沟/SBR
1993,estimated_lower,估算下界,high_pond_lagoon,193,214328000.0,16760888.105850752,7307.945332327868,6238.342926617471,0.17840292296076005,0.7307945332327868,稳定塘/氧化塘
1993,estimated_lower,估算下界,low_conventional,166,13498795000.0,2437164416.2854776,1028931.0278836318,2982.4865489103136,25.11845594786172,102.89310278836318,常规工艺
1993,estimated_lower,估算下界,medium_oxidation_sbr,2127,20547492500.0,7135493535.073227,3060075.824235683,152931.58476972659,74.70314112917752,306.0075824235683,氧化沟/SBR
1994,estimated_lower,估算下界,high_pond_lagoon,193,214328000.0,16057750.527129466,6984.64019731715,8218.063354315582,0.17854729736012204,0.698464019731715,稳定塘/氧化塘
1994,estimated_lower,估算下界,low_conventional,166,13498795000.0,2326546242.6856527,980315.7278554761,4359.3928818215245,25.059662176363428,98.03157278554761,常规工艺
1994,estimated_lower,估算下界,medium_oxidation_sbr,2127,20547492500.0,6833434960.286224,2924626.779872296,202481.11408221046,74.76179052627646,292.4626779872296,氧化沟/SBR
1995,estimated_lower,估算下界,high_pond_lagoon,193,214328000.0,16454776.525965817,7160.129316052438,8843.878350247247,0.1779177372930279,0.7160129316052438,稳定塘/氧化塘
1995,estimated_lower,估算下界,low_conventional,166,13498795000.0,2401130347.5359135,1012557.1766697934,4278.254308612855,25.160422919879423,101.25571766697935,常规工艺
1995,estimated_lower,估算下界,medium_oxidation_sbr,2127,20547492500.0,7013701391.614561,3004687.132262945,208035.71011356692,74.66165934282756,300.46871322629454,氧化沟/SBR
1996,estimated_lower,估算下界,high_pond_lagoon,193,214328000.0,16746368.82216553,7298.749605529587,6824.468606861158,0.17826464964317967,0.7298749605529586,稳定塘/氧化塘
1996,estimated_lower,估算下界,low_conventional,166,13498795000.0,2432379042.9615607,1027228.4345933518,3349.2522939621413,25.0890257774515,102.72284345933518,常规工艺
1996,estimated_lower,估算下界,medium_oxidation_sbr,2127,20547492500.0,7132168626.757057,3059806.5045829387,166333.78690833884,74.73270957290532,305.9806504582939,氧化沟/SBR
1997,estimated_lower,估算下界,high_pond_lagoon,193,214328000.0,16200323.948216869,7035.197699695051,9454.116100234223,0.17860984391695528,0.703519769969505,稳定塘/氧化塘
1997,estimated_lower,估算下界,low_conventional,166,13498795000.0,2349684043.70509,989404.2779874337,5088.708557453301,25.119030225655692,98.94042779874337,常规工艺
1997,estimated_lower,估算下界,medium_oxidation_sbr,2127,20547492500.0,6883411010.342784,2942423.884479105,244742.5500905142,74.70235993042735,294.2423884479105,氧化沟/SBR
1998,estimated_lower,估算下界,high_pond_lagoon,193,214328000.0,15999738.852263637,6957.8181777717255,5183.172043155467,0.1788466059001349,0.6957818177771725,稳定塘/氧化塘
1998,estimated_lower,估算下界,low_conventional,166,13498795000.0,2314715269.086962,975873.6520322316,2263.5911759805904,25.084255724145482,97.58736520322316,常规工艺
1998,estimated_lower,估算下界,medium_oxidation_sbr,2127,20547492500.0,6793753025.24783,2907551.656018772,121959.35913876077,74.73689766995439,290.7551656018772,氧化沟/SBR
1999,estimated_lower,估算下界,high_pond_lagoon,193,214328000.0,16209361.846996209,7040.42425981339,7513.762459798151,0.17925749730706575,0.7040424259813389,稳定塘/氧化塘
1999,estimated_lower,估算下界,low_conventional,166,13498795000.0,2350968287.0578456,991007.6715990355,3721.322184572718,25.232223012033966,99.10076715990355,常规工艺
1999,estimated_lower,估算下界,medium_oxidation_sbr,2127,20547492500.0,6852178575.379606,2929499.909429451,198594.86898089678,74.58851949065897,292.9499909429451,氧化沟/SBR
2000,estimated_lower,估算下界,high_pond_lagoon,193,214328000.0,16508637.63799926,7178.05251919038,6923.779581867779,0.1791192382210681,0.717805251919038,稳定塘/氧化塘
2000,estimated_lower,估算下界,low_conventional,166,13498795000.0,2386806803.7489405,1006026.7006332951,3318.892038632774,25.10412619101527,100.60267006332951,常规工艺
2000,estimated_lower,估算下界,medium_oxidation_sbr,2127,20547492500.0,6998061450.039647,2994210.971969828,160345.7976185262,74.71675457076367,299.4210971969828,氧化沟/SBR
2001,estimated_lower,估算下界,high_pond_lagoon,193,214328000.0,16427973.086465381,7150.0255480255755,7393.505757856031,0.17871395355150752,0.7150025548025576,稳定塘/氧化塘
2001,estimated_lower,估算下界,low_conventional,166,13498795000.0,2383408900.17352,1005156.5881123252,3961.2910835234325,25.12375747377613,100.51565881123251,常规工艺
2001,estimated_lower,估算下界,medium_oxidation_sbr,2127,20547492500.0,6978559292.020746,2988514.4783339305,200593.71813335328,74.69752857267235,298.851447833393,氧化沟/SBR
2002,estimated_lower,估算下界,high_pond_lagoon,193,214328000.0,16275801.16362217,7080.2203473677055,6902.673476175311,0.17942871950459297,0.7080220347367705,稳定塘/氧化塘
2002,estimated_lower,估算下界,low_conventional,166,13498795000.0,2353022434.4159007,991996.4140454559,3865.701573081817,25.139421881339967,99.19964140454559,常规工艺
2002,estimated_lower,估算下界,medium_oxidation_sbr,2127,20547492500.0,6886404681.874855,2946902.786803719,200669.21817988643,74.68114939915544,294.69027868037193,氧化沟/SBR
2003,estimated_lower,估算下界,high_pond_lagoon,193,214328000.0,16650661.227102596,7264.841390156475,4996.36486697335,0.17884085147326323,0.7264841390156476,稳定塘/氧化塘
2003,estimated_lower,估算下界,low_conventional,166,13498795000.0,2401260898.2781515,1015065.7779998985,2952.3041490223954,24.988188769660418,101.50657779998986,常规工艺
2003,estimated_lower,估算下界,medium_oxidation_sbr,2127,20547492500.0,7079855811.216153,3039851.667436382,124748.48363075305,74.83297037886632,303.98516674363816,氧化沟/SBR
2004,estimated_lower,估算下界,high_pond_lagoon,193,214328000.0,16453576.120299922,7159.96157450758,8350.671568476166,0.17932739294116593,0.715996157450758,稳定塘/氧化塘
2004,estimated_lower,估算下界,low_conventional,166,13498795000.0,2366676836.985124,998369.4825534016,4084.2946847001217,25.005021973268803,99.83694825534016,常规工艺
2004,estimated_lower,估算下界,medium_oxidation_sbr,2127,20547492500.0,6975273732.598224,2987146.4416229273,193309.09166056264,74.81565063379001,298.71464416229276,氧化沟/SBR
2005,estimated_lower,估算下界,high_pond_lagoon,193,214328000.0,16579274.578594139,7220.621319306496,7512.735908702087,0.17822973494618888,0.7220621319306496,稳定塘/氧化塘
2005,estimated_lower,估算下界,low_conventional,166,13498795000.0,2407509258.133866,1016396.274661543,3182.090343585452,25.088151091493515,101.6396274661543,常规工艺
2005,estimated_lower,估算下界,medium_oxidation_sbr,2127,20547492500.0,7064642203.566732,3027683.141853211,159508.80586144948,74.7336191735603,302.7683141853211,氧化沟/SBR
2006,estimated_lower,估算下界,high_pond_lagoon,193,214328000.0,16160754.090780206,7033.610730163392,7755.502655654218,0.17842824498642076,0.7033610730163392,稳定塘/氧化塘
2006,estimated_lower,估算下界,low_conventional,166,13498795000.0,2346288153.7031045,989646.5619760159,3810.5739745148867,25.105298826527978,98.96465619760158,常规工艺
2006,estimated_lower,估算下界,medium_oxidation_sbr,2127,20547492500.0,6876865285.45084,2945302.6286707455,192218.25746925312,74.7162729284856,294.53026286707455,氧化沟/SBR
2007,estimated_lower,估算下界,high_pond_lagoon,193,214328000.0,16222471.102754021,7057.032791430236,7166.412059781131,0.179835285139831,0.7057032791430237,稳定塘/氧化塘
2007,estimated_lower,估算下界,low_conventional,166,13498795000.0,2331126454.2950068,982787.2817413666,3373.2654361288824,25.044496216367808,98.27872817413666,常规工艺
2007,estimated_lower,估算下界,medium_oxidation_sbr,2127,20547492500.0,6856139548.999672,2934320.393156819,167168.42217839314,74.77566849849237,293.4320393156819,氧化沟/SBR
2008,estimated_lower,估算下界,high_pond_lagoon,193,214328000.0,16742056.030247264,7290.682557223929,7153.376565860171,0.17970621188978328,0.7290682557223929,稳定塘/氧化塘
2008,estimated_lower,估算下界,low_conventional,166,13498795000.0,2411024279.065012,1017340.9713488361,3013.9258028920017,25.076183296476586,101.73409713488361,常规工艺
2008,estimated_lower,估算下界,medium_oxidation_sbr,2127,20547492500.0,7079663603.781215,3032369.2035241895,163121.8284614154,74.74411049163363,303.23692035241896,氧化沟/SBR
2009,estimated_lower,估算下界,high_pond_lagoon,193,214328000.0,16478209.654480806,7180.533914736631,7374.205405388423,0.17869536848079462,0.7180533914736631,稳定塘/氧化塘
2009,estimated_lower,估算下界,low_conventional,166,13498795000.0,2384877242.811759,1007310.2687128815,3502.1413966107457,25.068007724706742,100.73102687128815,常规工艺
2009,estimated_lower,估算下界,medium_oxidation_sbr,2127,20547492500.0,7004438675.483729,3003819.2273317557,187061.98090747802,74.75329690681247,300.38192273317554,氧化沟/SBR
2010,estimated_lower,估算下界,high_pond_lagoon,193,214328000.0,16731018.292237738,7295.817051356279,6293.072218982818,0.17770205471942788,0.7295817051356279,稳定塘/氧化塘
2010,estimated_lower,估算下界,low_conventional,166,13498795000.0,2441777530.915977,1032129.4082150324,2619.9189283560245,25.13927025377679,103.21294082150324,常规工艺
2010,estimated_lower,估算下界,medium_oxidation_sbr,2127,20547492500.0,7145971264.289417,3066220.633964433,152025.53315445274,74.68302769150378,306.6220633964433,氧化沟/SBR
2011,estimated_lower,估算下界,high_pond_lagoon,193,214328000.0,16910627.449188635,7370.867488665126,6888.98464045159,0.1790982505052345,0.7370867488665126,稳定塘/氧化塘
2011,estimated_lower,估算下界,low_conventional,166,13498795000.0,2445259280.408634,1032566.3706105269,3700.9184145493364,25.08942547010517,103.25663706105269,常规工艺
2011,estimated_lower,估算下界,medium_oxidation_sbr,2127,20547492500.0,7173762229.5324135,3075606.865694104,190238.11021354006,74.7314762793896,307.56068656941045,氧化沟/SBR
2012,estimated_lower,估算下界,high_pond_lagoon,193,214328000.0,16947337.349255458,7396.616284951497,5929.441008895847,0.17954844281909246,0.7396616284951497,稳定塘/氧化塘
2012,estimated_lower,估算下界,low_conventional,166,13498795000.0,2445740730.6915708,1033837.132608309,2892.9505809327447,25.09577895314529,103.3837132608309,常规工艺
2012,estimated_lower,估算下界,medium_oxidation_sbr,2127,20547492500.0,7175868519.217108,3078332.0734648327,160698.68423584008,74.72467260403562,307.8332073464833,氧化沟/SBR
2013,estimated_lower,估算下界,high_pond_lagoon,193,214328000.0,16309094.679151578,7099.3038868402955,6918.181485522035,0.17741989319623838,0.7099303886840296,稳定塘/氧化塘
2013,estimated_lower,估算下界,low_conventional,166,13498795000.0,2384070368.028683,1006062.6375283432,3500.280163935848,25.14267997878986,100.60626375283432,常规工艺
2013,estimated_lower,估算下界,medium_oxidation_sbr,2127,20547492500.0,6971945604.168077,2988251.7439081334,186655.56006116746,74.6799001280139,298.82517439081334,氧化沟/SBR
2014,estimated_lower,估算下界,high_pond_lagoon,193,214328000.0,16358378.25647918,7116.773097069185,6224.608422597047,0.18028868223493721,0.7116773097069184,稳定塘/氧化塘
2014,estimated_lower,估算下界,low_conventional,166,13498795000.0,2353620588.7191343,992826.8329429686,3730.298746101304,25.151208132866778,99.28268329429686,常规工艺
2014,estimated_lower,估算下界,medium_oxidation_sbr,2127,20547492500.0,6889583653.421641,2947488.3729652767,185879.164944339,74.66850318489828,294.74883729652765,氧化沟/SBR
2015,estimated_lower,估算下界,high_pond_lagoon,193,214328000.0,16267107.615859121,7085.20719667388,6542.774021698979,0.17877702184748542,0.708520719667388,稳定塘/氧化塘
2015,estimated_lower,估算下界,low_conventional,166,13498795000.0,2359863593.382875,996555.3231443056,3188.2716356505525,25.145516261208904,99.65553231443056,常规工艺
2015,estimated_lower,估算下界,medium_oxidation_sbr,2127,20547492500.0,6904386730.988601,2959512.632999143,163011.48020817514,74.67570671694361,295.95126329991433,氧化沟/SBR
2016,estimated_lower,估算下界,high_pond_lagoon,193,214328000.0,16248028.631387329,7073.1195260918585,5448.278587275467,0.17909400705164946,0.7073119526091859,稳定塘/氧化塘
2016,estimated_lower,估算下界,low_conventional,166,13498795000.0,2353842035.8594027,992617.5004143426,2527.002686047114,25.13344288372601,99.26175004143427,常规工艺
2016,estimated_lower,估算下界,medium_oxidation_sbr,2127,20547492500.0,6888267127.415928,2949698.6659065345,134811.3434338995,74.68746310922234,294.96986659065345,氧化沟/SBR
2017,estimated_lower,估算下界,high_pond_lagoon,193,214328000.0,16132193.34321645,7016.088507383593,6295.992685651271,0.17947746287863678,0.7016088507383593,稳定塘/氧化塘
2017,estimated_lower,估算下界,low_conventional,166,13498795000.0,2330539106.1721478,982650.0079960027,3242.6493630694486,25.1370161803394,98.26500079960027,常规工艺
2017,estimated_lower,估算下界,medium_oxidation_sbr,2127,20547492500.0,6823334260.297601,2919509.125194446,172871.83442118904,74.68350635678198,291.9509125194446,氧化沟/SBR
2018,estimated_lower,估算下界,high_pond_lagoon,193,214328000.0,16291296.311240133,7090.299060686298,5653.1530950686865,0.18015949750498297,0.7090299060686298,稳定塘/氧化塘
2018,estimated_lower,估算下界,low_conventional,166,13498795000.0,2339751034.947172,986702.5940292301,2773.2077496427523,25.071416876168108,98.67025940292301,常规工艺
2018,estimated_lower,估算下界,medium_oxidation_sbr,2127,20547492500.0,6872521031.779907,2941774.844875266,152329.18391068876,74.74842362632691,294.1774844875266,氧化沟/SBR
2019,estimated_lower,估算下界,high_pond_lagoon,193,214328000.0,16097766.908856628,7006.595943976649,6723.12946282027,0.1807722488021736,0.7006595943976649,稳定塘/氧化塘
2019,estimated_lower,估算下界,low_conventional,166,13498795000.0,2307976926.469661,973508.7931711974,4007.117684224585,25.11681495227862,97.35087931711973,常规工艺
2019,estimated_lower,估算下界,medium_oxidation_sbr,2127,20547492500.0,6767627692.41937,2895409.1459854823,207693.51114088795,74.7024127989192,289.5409145985482,氧化沟/SBR
2020,estimated_lower,估算下界,high_pond_lagoon,193,214328000.0,16271601.020767234,7086.573574561283,4537.424484140927,0.17964976681723266,0.7086573574561282,稳定塘/氧化塘
2020,estimated_lower,估算下界,low_conventional,166,13498795000.0,2343314423.494112,989041.6992615326,1890.8661988868644,25.07292258739497,98.90416992615326,常规工艺
2020,estimated_lower,估算下界,medium_oxidation_sbr,2127,20547492500.0,6883037125.324007,2948532.329908152,110268.91484812179,74.7474276457878,294.85323299081523,氧化沟/SBR
2021,estimated_lower,估算下界,high_pond_lagoon,193,214328000.0,16075044.154248344,6996.449325761197,4059.723362973371,0.17925653550322598,0.6996449325761197,稳定塘/氧化塘
2021,estimated_lower,估算下界,low_conventional,166,13498795000.0,2315978230.6555314,977686.8652019666,943.2798115460878,25.04938606756028,97.76868652019667,常规工艺
2021,estimated_lower,估算下界,medium_oxidation_sbr,2127,20547492500.0,6810617383.456281,2918353.9198582317,73309.43705355177,74.7713573969365,291.83539198582315,氧化沟/SBR
2022,estimated_lower,估算下界,high_pond_lagoon,193,214328000.0,16110284.39628843,7009.922143867813,5619.534585620794,0.1782207717178408,0.7009922143867813,稳定塘/氧化塘
2022,estimated_lower,估算下界,low_conventional,166,13498795000.0,2339041436.028723,986245.0204636907,2411.1554875533443,25.074365312841216,98.62450204636907,常规工艺
2022,estimated_lower,估算下界,medium_oxidation_sbr,2127,20547492500.0,6863405591.198692,2940025.1550490297,135792.06269531956,74.74741391544094,294.002515504903,氧化沟/SBR
2023,estimated_lower,估算下界,high_pond_lagoon,193,214328000.0,15916181.435862586,6934.809348455759,5407.612772181827,0.17975265700964557,0.6934809348455759,稳定塘/氧化塘
2023,estimated_lower,估算下界,low_conventional,166,13498795000.0,2296898922.246647,969130.0371110471,2284.6334964567664,25.120185776608082,96.91300371110471,常规工艺
2023,estimated_lower,估算下界,medium_oxidation_sbr,2127,20547492500.0,6726943421.937124,2881908.3617382683,137008.92405187528,74.70006156638227,288.1908361738268,氧化沟/SBR
2024,estimated_lower,估算下界,high_pond_lagoon,193,214328000.0,15735066.783946525,6845.131534706656,4247.118390772163,0.17863892071363077,0.6845131534706655,稳定塘/氧化塘
2024,estimated_lower,估算下界,low_conventional,166,13498795000.0,2283266341.712539,963043.0333598957,1471.3616959561555,25.13274832016291,96.30430333598957,常规工艺
2024,estimated_lower,估算下界,medium_oxidation_sbr,2127,20547492500.0,6683849808.643637,2861937.2331550336,95127.39468026329,74.68861275912346,286.19372331550335,氧化沟/SBR
1984,estimated_upper,估算上界,high_pond_lagoon,193,214328000.0,102811197.01869857,67214.54446527276,23825.508432807,0.38931517377608205,6.721454446527276,稳定塘/氧化塘
1984,estimated_upper,估算上界,low_conventional,166,13498795000.0,7438902119.555998,4712659.178603628,14075.578800848198,27.296320188756845,471.2659178603628,常规工艺
1984,estimated_upper,估算上界,medium_oxidation_sbr,2127,20547492500.0,19415663906.401737,12484941.263035847,622052.682422964,72.31436463746707,1248.4941263035846,氧化沟/SBR
1985,estimated_upper,估算上界,high_pond_lagoon,193,214328000.0,101474381.18225625,66316.63827040617,21728.439735939002,0.3876082588075398,6.631663827040617,稳定塘/氧化塘
1985,estimated_upper,估算上界,low_conventional,166,13498795000.0,7384989519.158497,4679613.681325396,10645.938111026233,27.351460481372325,467.9613681325396,常规工艺
1985,estimated_upper,估算上界,medium_oxidation_sbr,2127,20547492500.0,19221942756.945126,12363260.922723563,556648.7273702347,72.26093125982014,1236.3260922723564,氧化沟/SBR
1986,estimated_upper,估算上界,high_pond_lagoon,193,214328000.0,100728949.37942952,65774.6148604326,28268.619091947003,0.3879754947626012,6.57746148604326,稳定塘/氧化塘
1986,estimated_upper,估算上界,low_conventional,166,13498795000.0,7339438869.509584,4647557.243962867,15404.248168180991,27.41389402264217,464.7557243962867,常规工艺
1986,estimated_upper,估算上界,medium_oxidation_sbr,2127,20547492500.0,19045941848.209476,12239959.199077025,769223.2668738733,72.19813048259522,1223.9959199077025,氧化沟/SBR
1987,estimated_upper,估算上界,high_pond_lagoon,193,214328000.0,99035612.52570471,64633.84473886749,21625.229288463,0.3837400193791822,6.463384473886749,稳定塘/氧化塘
1987,estimated_upper,估算上界,low_conventional,166,13498795000.0,7303946082.457155,4626143.573251207,9534.709787714784,27.46605020361354,462.61435732512075,常规工艺
1987,estimated_upper,估算上界,medium_oxidation_sbr,2127,20547492500.0,18903737837.552696,12152356.337887842,521990.5540853059,72.15020977700728,1215.2356337887843,氧化沟/SBR
1988,estimated_upper,估算上界,high_pond_lagoon,193,214328000.0,101030866.55453342,66064.1015801767,22280.636136558,0.3927626177746727,6.60641015801767,稳定塘/氧化塘
1988,estimated_upper,估算上界,low_conventional,166,13498795000.0,7281709090.661235,4608832.011057712,14687.642680794865,27.400310944210293,460.8832011057712,常规工艺
1988,estimated_upper,估算上界,medium_oxidation_sbr,2127,20547492500.0,18905415319.387905,12145467.789223457,690197.756671801,72.20692643801503,1214.5467789223458,氧化沟/SBR
1989,estimated_upper,估算上界,high_pond_lagoon,193,214328000.0,100505753.46481055,65626.20313093027,22829.878743492,0.39255781559531866,6.562620313093027,稳定塘/氧化塘
1989,estimated_upper,估算上界,low_conventional,166,13498795000.0,7233597863.690576,4577410.058843329,12459.85004010438,27.380802302376082,457.7410058843329,常规工艺
1989,estimated_upper,估算上界,medium_oxidation_sbr,2127,20547492500.0,18814099467.398182,12074552.975526297,626644.2192709519,72.22663988202859,1207.4552975526296,氧化沟/SBR
1990,estimated_upper,估算上界,high_pond_lagoon,193,214328000.0,98822582.93307501,64535.63726684852,18842.432184042,0.39023249616232275,6.453563726684852,稳定塘/氧化塘
1990,estimated_upper,估算上界,low_conventional,166,13498795000.0,7127664025.458669,4510024.642064576,8203.969871928217,27.271105521886945,451.0024642064576,常规工艺
1990,estimated_upper,估算上界,medium_oxidation_sbr,2127,20547492500.0,18623393742.148506,11963180.145034464,420696.8199056066,72.33866198195072,1196.3180145034464,氧化沟/SBR
1991,estimated_upper,估算上界,high_pond_lagoon,193,214328000.0,99897224.48417468,65281.15869548969,23717.401773330002,0.3885690241635715,6.528115869548969,稳定塘/氧化塘
1991,estimated_upper,估算上界,low_conventional,166,13498795000.0,7251708484.755795,4595993.843855048,12488.987997829767,27.35645136598845,459.5993843855048,常规工艺
1991,estimated_upper,估算上界,medium_oxidation_sbr,2127,20547492500.0,18869888720.326656,12139127.14891098,595088.4477393193,72.25497960984796,1213.9127148910982,氧化沟/SBR
1992,estimated_upper,估算上界,high_pond_lagoon,193,214328000.0,100243848.15792918,65430.09857534305,26384.658491301,0.38952499631107884,6.543009857534305,稳定塘/氧化塘
1992,estimated_upper,估算上界,low_conventional,166,13498795000.0,7260609133.147299,4593226.790012147,16550.67243800092,27.34485637944111,459.32267900121474,常规工艺
1992,estimated_upper,估算上界,medium_oxidation_sbr,2127,20547492500.0,18902621598.992367,12138750.003136056,729202.9001871496,72.26561862424781,1213.8750003136056,氧化沟/SBR
1993,estimated_upper,估算上界,high_pond_lagoon,193,214328000.0,100565328.6351045,65771.50799095079,23390.242771587004,0.38834719581287547,6.5771507990950795,稳定塘/氧化塘
1993,estimated_upper,估算上界,low_conventional,166,13498795000.0,7311493248.856432,4630189.625476342,11417.94466587198,27.338907257273178,463.01896254763415,常规工艺
1993,estimated_upper,估算上界,medium_oxidation_sbr,2127,20547492500.0,19027982760.195274,12240303.296942731,581380.8922583774,72.27274554691395,1224.0303296942732,氧化沟/SBR
1994,estimated_upper,估算上界,high_pond_lagoon,193,214328000.0,96346503.16277678,62861.761775854335,29842.905503784,0.38868842735578296,6.286176177585434,稳定塘/氧化塘
1994,estimated_upper,估算上界,low_conventional,166,13498795000.0,6979638728.056957,4411420.775349641,17589.473629397748,27.27680795344647,441.14207753496413,常规工艺
1994,estimated_upper,估算上界,medium_oxidation_sbr,2127,20547492500.0,18222493227.42993,11698507.119489184,747886.3581038103,72.33450361919775,1169.8507119489184,氧化沟/SBR
1995,estimated_upper,估算上界,high_pond_lagoon,193,214328000.0,98728659.15579489,64441.163844471936,31765.321550736004,0.38727366184187173,6.444116384447193,稳定塘/氧化塘
1995,estimated_upper,估算上界,low_conventional,166,13498795000.0,7203391042.607739,4556507.295014069,17413.84725244074,27.383354987321155,455.65072950140694,常规工艺
1995,estimated_upper,估算上界,medium_oxidation_sbr,2127,20547492500.0,18703203710.972164,12018748.52905178,770381.3896342198,72.22937135083697,1201.8748529051782,氧化沟/SBR
1996,estimated_upper,估算上界,high_pond_lagoon,193,214328000.0,100478212.93299317,65688.74644976627,26175.742103787,0.38806066299903436,6.568874644976627,稳定塘/氧化塘
1996,estimated_upper,估算上界,low_conventional,166,13498795000.0,7297137128.884681,4622527.955670082,14349.76667509331,27.307893058679085,462.2527955670082,常规工艺
1996,estimated_upper,估算上界,medium_oxidation_sbr,2127,20547492500.0,19019116338.018818,12239226.018331755,648951.2918802286,72.30404627832188,1223.9226018331756,氧化沟/SBR
1997,estimated_upper,估算上界,high_pond_lagoon,193,214328000.0,97201943.68930121,63316.779297255445,32338.022132967002,0.38879637809192286,6.3316779297255446,稳定塘/氧化塘
1997,estimated_upper,估算上界,low_conventional,166,13498795000.0,7049052131.11527,4452319.250943451,18674.45381964924,27.33944490052089,445.2319250943451,常规工艺
1997,estimated_upper,估算上界,medium_oxidation_sbr,2127,20547492500.0,18355762694.247425,11769695.53791642,849244.6290112935,72.2717587213872,1176.969553791642,氧化沟/SBR
1998,estimated_upper,估算上界,high_pond_lagoon,193,214328000.0,95998433.11358182,62620.36359994552,20881.743037257,0.3893270174955289,6.2620363599945525,稳定塘/氧化塘
1998,estimated_upper,估算上界,low_conventional,166,13498795000.0,6944145807.260886,4391431.434145041,10132.175212403976,27.302666489041105,439.1431434145041,常规工艺
1998,estimated_upper,估算上界,medium_oxidation_sbr,2127,20547492500.0,18116674733.994217,11630206.624075089,505191.4762615084,72.30800649346337,1163.0206624075088,氧化沟/SBR
1999,estimated_upper,估算上界,high_pond_lagoon,193,214328000.0,97256171.08197725,63363.818338320496,25727.615370897005,0.3901497221592741,6.33638183383205,稳定塘/氧化塘
1999,estimated_upper,估算上界,low_conventional,166,13498795000.0,7052904861.173536,4459534.522195659,13020.092115595344,27.458669638633467,445.95345221956586,常规工艺
1999,estimated_upper,估算上界,medium_oxidation_sbr,2127,20547492500.0,18272476201.012287,11717999.637717804,689531.1770110423,72.15118063920725,1171.7999637717803,氧化沟/SBR
2000,estimated_upper,估算上界,high_pond_lagoon,193,214328000.0,99051825.82799555,64602.47267271341,25231.068460926002,0.38990984899302106,6.460247267271341,稳定塘/氧化塘
2000,estimated_upper,估算上界,low_conventional,166,13498795000.0,7160420411.24682,4527120.152849827,12908.566377122834,27.323547569356503,452.71201528498267,常规工艺
2000,estimated_upper,估算上界,medium_oxidation_sbr,2127,20547492500.0,18661497200.10573,11976843.887879312,610876.2905878519,72.28654258165048,1197.6843887879313,氧化沟/SBR
2001,estimated_upper,估算上界,high_pond_lagoon,193,214328000.0,98567838.51879227,64350.22993223016,26297.911518975005,0.38902028931552346,6.435022993223016,稳定塘/氧化塘
2001,estimated_upper,估算上界,low_conventional,166,13498795000.0,7150226700.52056,4523204.646505462,14671.700686319436,27.34439926741521,452.3204646505462,常规工艺
2001,estimated_upper,估算上界,medium_oxidation_sbr,2127,20547492500.0,18609491445.388657,11954057.913335722,719598.2686092228,72.26658044326926,1195.405791333572,氧化沟/SBR
2002,estimated_upper,估算上界,high_pond_lagoon,193,214328000.0,97654806.98173301,63721.98312630934,24653.460496425003,0.3905654003015538,6.372198312630934,稳定塘/氧化塘
2002,estimated_upper,估算上界,low_conventional,166,13498795000.0,7059067303.247702,4463983.863204551,13947.382673806283,27.36069342060888,446.3983863204551,常规工艺
2002,estimated_upper,估算上界,medium_oxidation_sbr,2127,20547492500.0,18363745818.332947,11787611.147214876,705796.8671643023,72.24874117908956,1178.7611147214877,氧化沟/SBR
2003,estimated_upper,估算上界,high_pond_lagoon,193,214328000.0,99903967.36261557,65383.57251140827,20919.140368731,0.389359754145463,6.538357251140827,稳定塘/氧化塘
2003,estimated_upper,估算上界,low_conventional,166,13498795000.0,7203782694.834455,4567796.000999542,14173.474079156147,27.201265694460048,456.7796000999542,常规工艺
2003,estimated_upper,估算上界,medium_oxidation_sbr,2127,20547492500.0,18879615496.576412,12159406.669745527,531675.4458017935,72.40937455139448,1215.9406669745526,氧化沟/SBR
2004,estimated_upper,估算上界,high_pond_lagoon,193,214328000.0,98721456.72179952,64439.65417056821,31176.010047462,0.3904087718778911,6.4439654170568215,稳定塘/氧化塘
2004,estimated_upper,估算上界,low_conventional,166,13498795000.0,7100030510.955371,4492662.671490306,18139.368848501632,27.218875374400685,449.2662671490306,常规工艺
2004,estimated_upper,估算上界,medium_oxidation_sbr,2127,20547492500.0,18600729953.595264,11948585.76649171,754718.2673866822,72.39071585372142,1194.858576649171,氧化沟/SBR
2005,estimated_upper,估算上界,high_pond_lagoon,193,214328000.0,99475647.47156483,64985.59187375845,28028.173101609,0.38798523215822533,6.498559187375845,稳定塘/氧化塘
2005,estimated_upper,估算上界,low_conventional,166,13498795000.0,7222527774.401598,4573783.235976943,14410.266755807594,27.306981432117887,457.3783235976943,常规工艺
2005,estimated_upper,估算上界,medium_oxidation_sbr,2127,20547492500.0,18839045876.177956,12110732.567412842,632498.0388147581,72.30503333572388,1211.0732567412842,氧化沟/SBR
2006,estimated_upper,估算上界,high_pond_lagoon,193,214328000.0,96964524.54468122,63302.49657147052,28957.389251805,0.38840837791159,6.330249657147052,稳定塘/氧化塘
2006,estimated_upper,估算上界,low_conventional,166,13498795000.0,7038864461.109313,4453409.528892071,16132.251600367958,27.32501346672883,445.3409528892071,常规工艺
2006,estimated_upper,估算上界,medium_oxidation_sbr,2127,20547492500.0,18338307427.868908,11781210.514682982,727900.1603376825,72.28657815535958,1178.1210514682982,氧化沟/SBR
2007,estimated_upper,估算上界,high_pond_lagoon,193,214328000.0,97334826.61652412,63513.295122872114,27828.063628950003,0.39149339395830673,6.3513295122872115,稳定塘/氧化塘
2007,estimated_upper,估算上界,low_conventional,166,13498795000.0,6993379362.88502,4422542.767836149,15660.505067105558,27.260375560052392,442.2542767836149,常规工艺
2007,estimated_upper,估算上界,medium_oxidation_sbr,2127,20547492500.0,18283038797.33246,11737281.572627276,690601.1355753402,72.34813104598929,1173.7281572627276,氧化沟/SBR
2008,estimated_upper,估算上界,high_pond_lagoon,193,214328000.0,100452336.18148358,65616.14301501535,26584.377892167002,0.3911980260518844,6.5616143015015345,稳定塘/氧化塘
2008,estimated_upper,估算上界,low_conventional,166,13498795000.0,7233072837.195035,4578034.371069761,12969.565452440029,27.29386286466646,457.8034371069761,常规工艺
2008,estimated_upper,估算上界,medium_oxidation_sbr,2127,20547492500.0,18879102943.416573,12129476.814096758,638353.5179951489,72.31493910928165,1212.9476814096759,氧化沟/SBR
2009,estimated_upper,估算上界,high_pond_lagoon,193,214328000.0,98869257.92688483,64624.805232629675,27115.236783231005,0.3890061477252557,6.462480523262967,稳定塘/氧化塘
2009,estimated_upper,估算上界,low_conventional,166,13498795000.0,7154631728.435276,4532896.209207966,14507.574488373783,27.285567608830274,453.2896209207966,常规工艺
2009,estimated_upper,估算上界,medium_oxidation_sbr,2127,20547492500.0,18678503134.62328,12015276.909327023,716681.8385550869,72.32542624344447,1201.5276909327022,氧化沟/SBR
2010,estimated_upper,估算上界,high_pond_lagoon,193,214328000.0,100386109.75342642,65662.3534622065,23827.128949326005,0.38681508884671084,6.56623534622065,稳定塘/氧化塘
2010,estimated_upper,估算上界,low_conventional,166,13498795000.0,7325332592.747931,4644582.336967645,10305.454601332405,27.361104721354153,464.4582336967645,常规工艺
2010,estimated_upper,估算上界,medium_oxidation_sbr,2127,20547492500.0,19055923371.438446,12264882.535857731,590909.906079604,72.25208018979914,1226.4882535857732,氧化沟/SBR
2011,estimated_upper,估算上界,high_pond_lagoon,193,214328000.0,101463764.6951318,66337.80739798612,27229.222178187003,0.38987119273856036,6.633780739798612,稳定塘/氧化塘
2011,estimated_upper,估算上界,low_conventional,166,13498795000.0,7335777841.225902,4646548.66774737,17460.30686786975,27.30803959715182,464.654866774737,常规工艺
2011,estimated_upper,估算上界,medium_oxidation_sbr,2127,20547492500.0,19130032612.086437,12302427.462776417,764400.5543277331,72.30208921010963,1230.2427462776418,氧化沟/SBR
2012,estimated_upper,估算上界,high_pond_lagoon,193,214328000.0,101684024.09553275,66569.54656456345,22736.037252552,0.39084606572427005,6.656954656456345,稳定塘/氧化塘
2012,estimated_upper,估算上界,low_conventional,166,13498795000.0,7337222192.074712,4652267.096737389,11605.670782303068,27.31459631762334,465.2267096737389,常规工艺
2012,estimated_upper,估算上界,medium_oxidation_sbr,2127,20547492500.0,19135649384.578957,12313328.293859331,614349.4021754884,72.2945576166524,1231.332829385933,氧化沟/SBR
2013,estimated_upper,估算上界,high_pond_lagoon,193,214328000.0,97854568.07490946,63893.734981562644,26612.962545258,0.38620061568207104,6.389373498156265,稳定塘/氧化塘
2013,estimated_upper,估算上界,low_conventional,166,13498795000.0,7152211104.08605,4527281.868877543,15203.100215828628,27.36479633928614,452.7281868877543,常规工艺
2013,estimated_upper,估算上界,medium_oxidation_sbr,2127,20547492500.0,18591854944.448208,11953006.975632532,719413.8591111471,72.24900304503178,1195.3006975632532,氧化沟/SBR
2014,estimated_upper,估算上界,high_pond_lagoon,193,214328000.0,98150269.53887507,64050.957873622654,22985.775170343,0.39242762083481963,6.405095787362265,稳定塘/氧化塘
2014,estimated_upper,估算上界,low_conventional,166,13498795000.0,7060861766.157402,4467720.748243358,13562.528448191077,27.372846277284545,446.7720748243358,常规工艺
2014,estimated_upper,估算上界,medium_oxidation_sbr,2127,20547492500.0,18372223075.791046,11789953.491861107,671443.3725983015,72.23472610188064,1178.9953491861106,氧化沟/SBR
2015,estimated_upper,估算上界,high_pond_lagoon,193,214328000.0,97602645.69515473,63766.86477006491,22926.309137229,0.3891470383244511,6.376686477006491,稳定塘/氧化塘
2015,estimated_upper,估算上界,low_conventional,166,13498795000.0,7079590780.148624,4484498.954149375,11550.763063464625,27.367340274122604,448.4498954149375,常规工艺
2015,estimated_upper,估算上界,medium_oxidation_sbr,2127,20547492500.0,18411697949.302937,11838050.53199657,590129.5597957397,72.24351268755295,1183.805053199657,氧化沟/SBR
2016,estimated_upper,估算上界,high_pond_lagoon,193,214328000.0,97488171.78832397,63658.075734826714,19915.568431443,0.3898412228954762,6.365807573482671,稳定塘/氧化塘
2016,estimated_upper,估算上界,low_conventional,166,13498795000.0,7061526107.578208,4466778.75186454,9677.571866367623,27.354494632921085,446.67787518645406,常规工艺
2016,estimated_upper,估算上界,medium_oxidation_sbr,2127,20547492500.0,18368712339.77581,11798794.663626138,508991.81942204473,72.25566414418344,1179.8794663626138,氧化沟/SBR
2017,estimated_upper,估算上界,high_pond_lagoon,193,214328000.0,96793160.0592987,63144.79656645233,23682.001254702005,0.3906724070499733,6.314479656645233,稳定塘/氧化塘
2017,estimated_upper,估算上界,low_conventional,166,13498795000.0,6991617318.516442,4421925.035982011,12539.120749020722,27.35813862007806,442.1925035982011,常规工艺
2017,estimated_upper,估算上界,medium_oxidation_sbr,2127,20547492500.0,18195558027.46027,11678036.500777785,647987.2796025705,72.25118897287197,1167.8036500777785,氧化沟/SBR
2018,estimated_upper,估算上界,high_pond_lagoon,193,214328000.0,97747777.86744079,63812.69154617667,21037.498997592003,0.39218488312123,6.381269154617667,稳定塘/氧化塘
2018,estimated_upper,估算上界,low_conventional,166,13498795000.0,7019253104.841516,4440161.673131535,10688.863391917273,27.288682621330203,444.01616731315346,常规工艺
2018,estimated_upper,估算上界,medium_oxidation_sbr,2127,20547492500.0,18326722751.41309,11767099.379501063,578349.5050770006,72.31913249554857,1176.7099379501065,氧化沟/SBR
2019,estimated_upper,估算上界,high_pond_lagoon,193,214328000.0,96586601.45313977,63059.36349578983,24785.504681865,0.39349424658644133,6.3059363495789835,稳定塘/氧化塘
2019,estimated_upper,估算上界,low_conventional,166,13498795000.0,6923930779.408983,4380789.569270387,15015.54364760999,27.33639217796549,438.07895692703875,常规工艺
2019,estimated_upper,估算上界,medium_oxidation_sbr,2127,20547492500.0,18047007179.78499,11581636.583941929,748442.460216781,72.27011357544806,1158.163658394193,氧化沟/SBR
2020,estimated_upper,估算上界,high_pond_lagoon,193,214328000.0,97629606.12460339,63779.16217105153,17456.853017424,0.3910769613067469,6.377916217105153,稳定塘/氧化塘
2020,estimated_upper,估算上界,low_conventional,166,13498795000.0,7029943270.482335,4450687.646676896,8115.952529478889,27.29044003305978,445.0687646676896,常规工艺
2020,estimated_upper,估算上界,medium_oxidation_sbr,2127,20547492500.0,18354765667.530685,11794129.319632608,446112.00486830185,72.31848300563345,1179.412931963261,氧化沟/SBR
2021,estimated_upper,估算上界,high_pond_lagoon,193,214328000.0,96450264.92549005,62968.04393185076,16193.310463506003,0.39023390546483866,6.296804393185076,稳定塘/氧化塘
2021,estimated_upper,估算上界,low_conventional,166,13498795000.0,6947934691.966593,4399590.893408849,5692.438379015641,27.265727654500626,439.9590893408849,常规工艺
2021,estimated_upper,估算上界,medium_oxidation_sbr,2127,20547492500.0,18161646355.88342,11673415.679432927,349186.44828278566,72.34403844003452,1167.3415679432926,氧化沟/SBR
2022,estimated_upper,估算上界,high_pond_lagoon,193,214328000.0,96661706.37773058,63089.29929481031,22326.264185397,0.3879722306814952,6.308929929481032,稳定塘/氧化塘
2022,estimated_upper,估算上界,low_conventional,166,13498795000.0,7017124308.086167,4438102.592086608,11023.051153492584,27.292434404748672,443.81025920866074,常规工艺
2022,estimated_upper,估算上界,medium_oxidation_sbr,2127,20547492500.0,18302414909.863182,11760100.620196119,570954.7876906974,72.31959336456983,1176.010062019612,氧化沟/SBR
2023,estimated_upper,估算上界,high_pond_lagoon,193,214328000.0,95497088.6151755,62413.28413610182,20266.324397058,0.3912780894475557,6.241328413610182,稳定塘/氧化塘
2023,estimated_upper,估算上界,low_conventional,166,13498795000.0,6890696766.739941,4361085.166999711,9767.405744808626,27.340286538049476,436.10851669997106,常规工艺
2023,estimated_upper,估算上界,medium_oxidation_sbr,2127,20547492500.0,17938515791.832333,11527633.446953073,545232.6073190066,72.26843537250296,1152.7633446953073,氧化沟/SBR
2024,estimated_upper,估算上界,high_pond_lagoon,193,214328000.0,94410400.70367914,61606.183812359886,16647.629195937003,0.3888530845301908,6.160618381235989,稳定塘/氧化塘
2024,estimated_upper,估算上界,low_conventional,166,13498795000.0,6849799025.137617,4333693.65011953,6835.850042266297,27.353912204504855,433.369365011953,常规工艺
2024,estimated_upper,估算上界,medium_oxidation_sbr,2127,20547492500.0,17823599489.716366,11447748.932620134,415091.57761865656,72.25723471096495,1144.7748932620134,氧化沟/SBR
