year,scenario_id,scenario_name_cn,scenario_order,facility_count,mean_e_net_m_year,v_net_m3_year,v_service_m3_year,shadow_avoided_electricity_kwh_year,shadow_gross_mechanical_cost_cny_year,shadow_net_cost_difference_cny_year,shadow_avoided_carbon_tco2_year,process_electricity_kwh_year,process_electricity_cost_cny_year,process_electricity_carbon_tco2_year,nonpositive_facility_count,negative_pi_cost_facility_count,v_net_10k_m3_year,v_service_10k_m3_year,nonpositive_facility_share_pct
1984,estimated_lower,估算下界,1,2486,0.217002450474658,18261655.557216052,25953014.376718193,389295215.65077287,382806962.05659336,-228186798.33839047,173939.87182046217,9777643204.255768,4399939441.915095,4175961.1937225764,913,1256,1826.1655557216052,2595.3014376718193,36.72566371681416
1984,estimated_base,估算基准,2,2486,0.3629731757843926,30189954.1227025,34571900.8606875,691438017.21375,968013224.0992501,-1278700004.2101953,384211.16409131733,16525555109.751434,10741610821.338432,8821455.624290686,710,1705,3018.99541227025,3457.19008606875,28.559935639581656
1984,estimated_upper,估算上界,3,2486,0.4423050917135962,36672725.08220601,39738793.38907601,993469834.7269001,1887592685.9811103,-7153203672.56204,659953.7696566193,26957377222.976433,24261639500.67879,17264814.98610475,523,1946,3667.272508220601,3973.879338907601,21.037811745776345
1985,estimated_lower,估算下界,1,2486,0.1738485005551085,14510136.24945567,22204633.599527694,333069503.9929154,327518345.5930335,-235888341.00550923,150464.2357331147,9686804103.770964,4359061846.696934,4138097.897449913,1018,1284,1451.013624945567,2220.463359952769,40.949316170555115
1985,estimated_base,估算基准,2,2486,0.3146542085679807,25998751.587920003,30262217.8548575,605244357.09715,847342099.93601,-1413508441.1182122,338865.44219992054,16372361966.524286,10642035278.240788,8741642.53606437,680,1743,2599.875158792,3026.22178548575,27.353177795655668
1985,estimated_upper,估算上界,3,2486,0.3911790498793243,32242564.271868005,35221207.742272004,880530193.5568001,1673007367.7579203,-7057837558.93218,589023.1052171999,26708406657.285877,24037565991.557293,17109191.242319364,543,1931,3224.2564271868005,3522.1207742272004,21.84231697506034
1986,estimated_lower,估算下界,1,2486,0.30823195324215596,25891736.836247187,32303213.74760903,484548206.21413547,476472402.77723324,-180662849.30526423,222920.52473988727,9605495974.47832,4322473188.515244,4100088.5889677196,804,1181,2589.1736836247187,3230.321374760903,32.34111021721641
1986,estimated_base,估算基准,2,2486,0.4632983869670153,38574424.65828,42168162.3151075,843363246.30215,1180708544.82301,-1274484648.2858605,479692.01508616767,16235417470.367893,10553021355.739132,8661614.054859746,548,1818,3857.442465828,4216.81623151075,22.043443282381336
1986,estimated_upper,估算上界,3,2486,0.5475736226870476,45467189.778950006,47904977.46184601,1197624436.5461502,2275486429.4376855,-6994146946.276794,812896.1341340012,26486109667.098488,23837498700.38864,16953291.057900324,458,2017,4546.7189778950005,4790.497746184601,18.42316975060338
1987,estimated_lower,估算下界,1,2486,0.0431062364038615,3799115.8131783297,22080072.098685015,331201081.4802752,325681063.45560396,-148952758.09915245,148171.52658357145,9540056318.655598,4293025343.3950186,4073302.5279432144,1226,1059,379.911581317833,2208.0072098685014,49.316170555108606
1987,estimated_base,估算基准,2,2486,0.19386809633950122,16101821.5292975,29182264.671275,583645293.4255,817103410.7957,-814065773.3996947,324547.1813664296,16124989169.499962,10481242960.174974,8605102.82051045,1136,1281,1610.1821529297501,2918.2264671275,45.69589702333065
1987,estimated_upper,估算上界,3,2486,0.2758038897827837,22788074.635884006,33255382.621666003,831384565.54165,1579630674.5291352,-4515198925.8022375,553150.4931614837,26306719532.535557,23676047579.282,16843133.755877916,1060,1415,2278.8074635884004,3325.5382621666004,42.63877715205149
1988,estimated_lower,估算下界,1,2486,0.21525359088495563,18660183.47361925,28466851.605238352,427002774.0785753,419886061.1772657,-204900664.9557549,193155.08394633236,9533605586.083298,4290122513.737484,4067892.2943831533,890,1250,1866.018347361925,2846.6851605238353,35.80048270313757
1988,estimated_base,估算基准,2,2486,0.37198456255028156,31493103.9171425,37856927.812635,757138556.2527,1059993978.75378,-1148372643.9652843,426044.9471795222,16114063644.11376,10474141368.673944,8593695.632365346,737,1676,3149.31039171425,3785.6927812635,29.646017699115045
1988,estimated_upper,估算上界,3,2486,0.45716443845535004,38467517.201666005,43195251.97348001,1079881299.3370001,2051774468.7403002,-6154435532.3242655,727166.0354891538,26288155276.603672,23659339748.943306,16820363.901861347,673,1802,3846.7517201666005,4319.525197348001,27.071600965406272
1989,estimated_lower,估算下界,1,2486,0.12721427694288,11234745.135870649,27457802.272543494,411867034.0881524,405002583.52001655,-87167580.59282345,185220.38168693904,9483237547.081978,4267456896.18689,4043132.2795279734,1178,866,1123.4745135870648,2745.7802272543495,47.38535800482703
1989,estimated_base,估算基准,2,2486,0.27904475462590506,23648989.9699575,35061584.684705,701231693.6941,981724371.17174,-754914910.7000796,392261.9263946536,16028663797.67577,10418631468.48925,8541303.815773342,1057,1334,2364.89899699575,3506.1584684705,42.518101367658886
1989,estimated_upper,估算上界,3,2486,0.36156131858407087,30395862.162396006,39556125.794568,988903144.8642001,1878915975.2419803,-5052992873.804268,661933.9480545482,26148203084.553566,23533382776.09821,16717589.237500558,904,1565,3039.5862162396006,3955.6125794568,36.36363636363637
1990,estimated_lower,估算下界,1,2486,0.009936964078841377,1056712.7923838692,14820713.781091776,222310706.71637663,218605528.27110368,-250700746.76424342,99719.00603497871,9376131092.280758,4219258991.5263414,4000193.360858172,1250,1134,105.67127923838692,1482.0713781091777,50.2815768302494
1990,estimated_base,估算基准,2,2486,0.15799009754625903,13133774.440795,22171873.4980125,443437469.96025,620812457.94435,-1373642353.1115882,248044.03745987362,15846836395.160244,10300443656.854158,8450085.930959139,876,1558,1313.3774440795,2217.18734980125,35.23732904263878
1990,estimated_upper,估算上界,3,2486,0.23845375703942082,19697394.901888005,26746032.974234004,668650824.3558501,1270436566.2761152,-6424496923.932656,447743.22196157684,25849880350.54025,23264892315.486225,16537740.42436589,762,1722,1969.7394901888006,2674.6032974234004,30.65164923572003
1991,estimated_lower,估算下界,1,2486,0.17577217992759442,14875908.49451177,24965638.638324294,374484579.5748644,368243169.9152833,-205454676.19104436,165582.5772724675,9510093969.12179,4279542286.104806,4063367.2146061435,1006,1269,1487.590849451177,2496.5638638324294,40.46661303298472
1991,estimated_base,估算基准,2,2486,0.32613522023330654,27159178.2674175,33671174.246985,673423484.9397,942792878.91558,-1163595855.7807715,367404.1732431888,16073792345.22046,10447965024.393301,8583826.21361046,820,1575,2715.91782674175,3367.1174246985,32.984714400643604
1991,estimated_upper,估算上界,3,2486,0.4078542638777153,33834868.361388005,38777061.37486,969426534.3715001,1841910415.3058503,-6610184307.5268955,631294.837510479,26221494429.566628,23599344986.609966,16800402.15146152,644,1836,3383.4868361388008,3877.7061374860004,25.905068382944492
1992,estimated_lower,估算下界,1,2486,0.2626073936041833,21915094.87031239,30918990.030957133,463784850.46435696,456055102.9566177,-200737673.3105814,209734.08665317364,9525393452.030891,4286427053.4139013,4062674.576183974,788,1353,2191.5094870312387,3091.8990030957134,31.697506033789217
1992,estimated_base,估算基准,2,2486,0.4173186514481094,34566250.309149995,40517766.885184996,810355337.7037,1134497472.78518,-1212606250.016791,454617.5643420091,16099615751.11845,10464750238.226994,8582346.746184548,599,1823,3456.6250309149996,4051.7766885184997,24.09493161705551
1992,estimated_upper,估算上界,3,2486,0.5014008567980692,41441878.26504,46071596.854354,1151789921.35885,2188400850.5818152,-6529673424.266922,772138.2311164516,26263474580.297592,23637127122.267834,16797406.891723543,516,1959,4144.187826504,4607.1596854354,20.75623491552695
1993,estimated_lower,估算下界,1,2486,0.13718425934835063,11484255.60133855,24287218.839527436,364308282.5929115,358236477.88302964,-197580542.08396107,162152.4142452544,9589418839.464556,4315238477.75905,4096314.7974516423,1025,1208,1148.425560133855,2428.7218839527436,41.2308930008045
1993,estimated_base,估算基准,2,2486,0.2833910046259051,23433193.31216,32406479.0497225,648129580.99445,907381413.39223,-1133140106.4568315,358796.9631522404,16207809617.939184,10535076251.66047,8653349.385649346,838,1582,2343.319331216,3240.64790497225,33.7087691069992
1993,estimated_upper,估算上界,3,2486,0.3628511922767499,29927181.198476005,37205156.69267601,930128917.3169001,1767244942.9021103,-6020367883.092932,616189.0796958364,26440041337.68681,23796037203.91813,16936264.430410024,735,1742,2992.7181198476005,3720.515669267601,29.565567176186647
1994,estimated_lower,估算下界,1,2486,0.25576404144810927,21263813.73941001,31657616.15713083,474864242.35696244,466949838.31767976,-215591532.67151085,215058.57031834757,9176038953.499006,4129217529.074553,3911927.147925089,726,1499,2126.381373941001,3165.761615713083,29.20353982300885
1994,estimated_base,估算基准,2,2486,0.41192837489943684,34033116.6251975,41753345.0237,835066900.474,1169093660.6636,-1209190084.03341,468602.3647741479,15508687443.424988,10080646838.226242,8263605.5134910755,577,1851,3403.31166251975,4175.33450237,23.20997586484312
1994,estimated_upper,估算上界,3,2486,0.4968002952534192,40972955.15008201,47438617.750292,1185965443.7573001,2253334343.1388702,-6537743372.839195,795318.7372369921,25298478458.649666,22768630612.7847,16172789.65661468,513,1965,4097.295515008201,4743.8617750292005,20.63555913113435
1995,estimated_lower,估算下界,1,2486,0.32536889066773916,26950187.106538147,32834435.862812314,492516537.9421847,484307928.9764816,-210336042.7231893,221157.84277242702,9431286515.676441,4244078932.054398,4024404.438248791,697,1466,2695.0187106538147,3283.4435862812315,28.037007240547062
1995,estimated_base,估算基准,2,2486,0.48516988938053096,40019384.68587,43214697.1272175,864293942.54435,1210011519.56209,-1231317573.4204698,481625.48662552185,15940844757.123348,10361549092.130177,8501584.167781506,530,1855,4001.938468587,4321.4697127217505,21.319388576025744
1995,estimated_upper,估算上界,3,2486,0.5720182582461787,47122209.457246006,49208706.39993401,1230217659.9983501,2337413553.9968653,-6952043307.67203,819560.5584373965,26005323412.7357,23404791071.46213,16639696.987910321,412,2059,4712.220945724601,4920.870639993401,16.5728077232502
1996,estimated_lower,估算下界,1,2486,0.24805095304102961,20654511.024700888,26798055.141179454,401970827.1176918,395271313.3323969,-267094028.28341025,176507.50780916214,9581294038.540783,4311582317.343352,4094333.6887818202,774,1523,2065.4511024700887,2679.805514117945,31.134352373290426
1996,estimated_base,估算基准,2,2486,0.4013945424376508,33196310.9223575,36459402.30261,729188046.0522,1020863264.47308,-1369343503.2544744,398927.02530977695,16193850142.910988,10526002592.892143,8649029.396241482,580,1814,3319.6310922357497,3645.940230261,23.33065164923572
1996,estimated_upper,估算上界,3,2486,0.48473344971842325,40012506.518910006,42114546.643058,1052863666.0764501,2000440965.5452552,-7163493197.776004,689476.8006591089,26416731679.836494,23775058511.852844,16927442.720451605,462,2013,4001.2506518910004,4211.4546643058,18.58407079646018
1997,estimated_lower,估算下界,1,2486,0.25671678197908276,21502920.59622587,37138490.368143134,557077355.5221469,547792732.9301112,-85118405.84484126,259285.37474820172,9249295377.996092,4162182920.0982413,3938863.360166234,856,947,2150.2920596225867,3713.8490368143134,34.43282381335479
1997,estimated_base,估算基准,2,2486,0.41510222043443284,34466926.013425,46838416.528385,936768330.5677,1311475662.79478,-875090293.0059986,539893.8468287553,15632899732.233198,10161384825.95158,8320753.608802836,744,1542,3446.6926013425,4683.8416528385,29.92759452936444
1997,estimated_upper,估算上界,3,2486,0.5011812630732101,41512581.131468005,52311105.929298006,1307777648.2324502,2484777531.6416554,-5614436275.046083,900257.1049639097,25502016769.052,22951815092.146797,16285331.568157127,669,1801,4151.2581131468005,5231.110592929801,26.910699919549476
1998,estimated_lower,估算下界,1,2486,0.05691922747385344,4742968.354695348,19389536.265773915,290843043.9866087,285995659.92016524,-220199511.0634098,129406.12235789683,9124468033.187056,4106010614.9341755,3890383.1262287754,1156,1141,474.2968354695348,1938.9536265773916,46.50040225261464
1998,estimated_base,估算基准,2,2486,0.20991003720836685,17212189.84242,27471448.3760475,549428967.52095,769200554.52933,-1227892939.4814677,304977.4526157823,15421672646.205359,10024087220.033484,8218214.715359592,890,1536,1721.218984242,2747.14483760475,35.80048270313757
1998,estimated_upper,估算上界,3,2486,0.29305721641190674,23988940.650966004,32247943.458946005,806198586.4736501,1531777314.299935,-6045540040.281616,536205.3945111694,25156818974.368683,22641137076.931816,16084258.421820074,796,1677,2398.8940650966006,3224.7943458946006,32.01930812550282
1999,estimated_lower,估算下界,1,2486,0.13706628521319375,12417953.94834745,30206766.562304895,453101498.4345734,445549806.79399717,-59026870.176577665,209829.95362526766,9219356224.284449,4148710300.928002,3927548.0052883,1165,823,1241.795394834745,3020.6766562304897,46.862429605792435
1999,estimated_base,估算基准,2,2486,0.2922729082864039,25114064.3647575,38017419.462835,760348389.2567,1064487744.95938,-651307027.7268469,436608.4140981939,15583120213.524897,10129028138.791183,8297355.683908546,1086,1283,2511.40643647575,3801.7419462835,43.68463395012068
1999,estimated_upper,估算上界,3,2486,0.37662433386967026,32014124.373676006,42463527.118038006,1061588177.9509501,2017017538.1068053,-4471746361.180205,728278.8844975346,25422637233.2678,22880373509.94102,16240897.978251783,1007,1468,3201.4124373676004,4246.352711803801,40.50683829444892
2000,estimated_lower,估算下界,1,2486,0.11395519687047455,9597364.37600099,24691169.864922132,370367547.973832,364194755.5076015,-159651925.82648242,170588.46923902677,9401376891.426586,4230619601.141964,4007415.7251223135,1115,1032,959.736437600099,2469.116986492213,44.85116653258246
2000,estimated_base,估算基准,2,2486,0.26987380631536606,22353812.493875,33009185.975485,660183719.5097001,924257207.31358,-1053857133.724955,377375.9219836581,15889873569.540722,10328417820.20147,8465540.629519438,889,1522,2235.3812493875002,3300.9185975485,35.760257441673375
2000,estimated_upper,估算上界,3,2486,0.3546121810136767,29286664.731850006,38012711.124332,950317778.1083001,1805603778.4057703,-5850517701.463476,649015.9254259007,25920969437.180542,23328872493.46249,16568566.513401853,765,1714,2928.6664731850005,3801.2711124332004,30.77232502011263
2001,estimated_lower,估算下界,1,2486,0.1540354846661302,13025050.065165108,30523809.384514235,457857140.7677135,450226188.42158496,-115656844.03794709,211948.51497473277,9378396165.280731,4220278274.3763294,4000821.091994281,1004,1032,1302.5050065165108,3052.3809384514234,40.386162510056316
2001,estimated_base,估算基准,2,2486,0.3132721399839099,26051185.223,39286529.74824,785730594.9648,1100022832.95072,-902348840.0927241,450627.7569777993,15851181647.930967,10303268071.155128,8451664.462163161,855,1558,2605.1185223,3928.652974824,34.392598551890586
2001,estimated_upper,估算上界,3,2486,0.3998138004827032,33130606.504432008,44406504.408476,1110162610.2119002,2109308959.4026103,-5541978632.680101,760567.8808145173,25858285984.42801,23272457385.98521,16541612.789773414,757,1715,3313.0606504432008,4440.6504408476,30.45052292839903
2002,estimated_lower,估算下界,1,2486,0.10008196975060324,9542668.91809767,30684034.553917315,460260518.3087597,452589509.6702804,-46909867.8495638,211437.59322914356,9255702917.454378,4165066312.8544703,3945979.4211965427,1172,758,954.2668918097669,3068.4034553917313,47.144006436041835
2002,estimated_base,估算基准,2,2486,0.25797686242960577,22457341.94139,38926737.82919,778534756.5838,1089948659.21732,-749977332.7475452,443484.58395188453,15643957800.176785,10168572570.11491,8335923.787868144,990,1360,2245.734194139,3892.673782919,39.823008849557525
2002,estimated_upper,估算上界,3,2486,0.34378930410297676,29476185.975788005,43737209.604214005,1093430240.10535,2077517456.2001653,-4851888890.73737,744397.7103345336,25520467928.56238,22968421135.706146,16315316.993545735,908,1563,2947.6185975788003,4373.7209604214,36.52453740949316
2003,estimated_lower,估算下界,1,2486,0.16694879719227662,13715338.538335528,21356708.20136589,320350623.0204884,315011445.9701469,-248054582.2165611,132697.1526467488,9497767370.721407,4273995316.8246336,4062182.286826437,1029,1264,1371.5338538335527,2135.670820136589,41.3917940466613
2003,estimated_base,估算基准,2,2486,0.3232774024537409,26440780.742207497,30642714.199215,612854283.9843,857995997.57802,-1523013538.66827,318173.106878567,16051918241.028328,10433746856.668413,8580723.851746993,616,1765,2644.07807422075,3064.2714199214997,24.778761061946902
2003,estimated_upper,估算上界,3,2486,0.4082386009654063,33356781.939964004,36369310.23092,909232755.7730001,1727542235.9687002,-7478397657.610629,566768.0602496807,26183302158.77348,23564971942.896133,16792586.24325648,483,1978,3335.6781939964003,3636.931023092,19.428801287208366
2004,estimated_lower,估算下界,1,2486,0.3020509628720835,25203375.66726755,30881908.614286393,463228629.21429586,455508152.06072426,-267049774.47078478,205744.05791373894,9358404145.703648,4211281865.5666413,3992675.8857508367,644,1555,2520.337566726755,3088.1908614286394,25.905068382944492
2004,estimated_base,估算基准,2,2486,0.47085311242960576,38986507.744815,42251985.943077505,845039718.86155,1183055606.4061701,-1399385681.979275,465780.5754863682,15816501414.081905,10280725919.15324,8434004.852371067,490,1887,3898.6507744815,4225.198594307751,19.710378117457765
2004,estimated_upper,估算上界,3,2486,0.5625934111021723,46477340.395656005,48815960.67341801,1220399016.8354502,2318758131.987355,-7516869767.139971,804033.6462826458,25799481921.272434,23219533729.14519,16505688.092152584,383,2083,4647.7340395656,4881.5960673418,15.406275140788415
2005,estimated_lower,估算下界,1,2486,0.16672793213998374,13528607.007253308,25149496.025232952,377242440.37849426,370955066.37218606,-221816298.68744734,170203.63211373703,9488730736.279192,4269928831.325637,4051300.0378340604,950,1218,1352.8607007253308,2514.949602523295,38.21399839098954
2005,estimated_base,估算基准,2,2486,0.3329474648028962,27093127.464855,34686370.5131425,693727410.26285,971218374.36799,-1177684717.8275232,389173.58760568337,16037282698.081268,10424233753.752825,8558117.392963713,780,1606,2709.3127464855,3468.6370513142497,31.37570394207562
2005,estimated_upper,估算上界,3,2486,0.42328416733708774,34465149.452682,40223215.57503801,1005580389.3759501,1910602739.8143053,-6197702436.896633,674936.4786721746,26161049298.051117,23544944368.246006,16749501.395263543,677,1790,3446.5149452682003,4022.3215575038007,27.232502011263072
2006,estimated_lower,估算下界,1,2486,0.2253486012872082,18505877.43802877,30187415.17658457,452811227.6487686,445264373.8546224,-203186821.162144,203784.33409942224,9239314193.244724,4157691386.9601264,3941982.801376925,790,1234,1850.5877438028772,3018.7415176584573,31.77795655671762
2006,estimated_base,估算基准,2,2486,0.3927786685438455,32163412.7963325,40506336.155225,810126723.1045,1134177412.3463001,-1192461688.0522602,451724.3266858355,15615928673.67084,10150353637.886045,8327275.037624701,611,1770,3216.34127963325,4050.6336155225003,24.577634754625905
2006,estimated_upper,估算上界,3,2486,0.48377327031375716,39585986.36062801,46395701.96304601,1159892549.0761502,2203795843.244685,-6309253831.438164,772989.8011898554,25474136413.522903,22926722772.170612,16297922.540146524,560,1904,3958.598636062801,4639.5701963046,22.52614641995173
2007,estimated_lower,估算下界,1,2486,0.26289158283185826,21583511.183521327,26522104.33551961,397831565.0327942,391201038.9489143,-263745217.70056984,177708.09967430314,9203488474.397432,4141569813.4788446,3924164.707689616,802,1336,2158.3511183521327,2652.210433551961,32.260659694288016
2007,estimated_base,估算基准,2,2486,0.4318215587288818,35357706.2843225,37796405.22461,755928104.4922,1058299346.28908,-1604317245.5643413,417451.5262378273,15555037956.65731,10110774671.827251,8289478.537520475,413,1972,3535.77062843225,3779.6405224610003,16.6130329847144
2007,estimated_upper,估算上界,3,2486,0.5236313282381336,42843681.882584006,44550827.468334004,1113770686.7083502,2116164304.7458653,-7972452110.459258,734089.7042713958,25373752986.834003,22836377688.150604,16223337.635586297,300,2168,4284.368188258401,4455.0827468334,12.067578439259854
2008,estimated_lower,估算下界,1,2486,0.14263609219629914,11807357.906477889,25423618.075559214,381354271.1333882,374998366.6144984,-210246712.77388573,173289.13083016756,9507429938.876474,4278343472.4944134,4057000.8574302495,976,1221,1180.735790647789,2542.3618075559216,39.259855189058726
2008,estimated_base,估算基准,2,2486,0.3065037610619469,25170154.6133925,34707171.7812675,694143435.62535,971800809.8754901,-1217197935.7881324,392021.0056456303,16068957996.08987,10444822697.458416,8570209.275090562,766,1623,2517.0154613392497,3470.7171781267502,30.81255028157683
2008,estimated_upper,估算上界,3,2486,0.39556227674979894,32432544.128020007,40157944.421008006,1003948610.5252001,1907502359.9978802,-6361211748.168572,677907.4613397559,26212628116.79309,23591365305.113785,16773127.328181535,670,1803,3243.254412802001,4015.7944421008006,26.950925181013673
2009,estimated_lower,估算下界,1,2486,0.2679661094288011,22542696.90723785,30054596.27468933,450818944.12034,443305295.05166763,-137269867.5980919,197938.3277094772,9405794127.949968,4232607357.577486,4018310.0299593736,979,1106,2254.269690723785,3005.4596274689334,39.38053097345133
2009,estimated_base,估算基准,2,2486,0.4379763133547868,36419947.4729575,40164298.04281,803285960.8562,1124600345.19868,-1242777970.0304332,438561.0141776802,15897034263.02357,10333072270.96532,8488374.938597515,616,1722,3641.99474729575,4016.429804281,24.778761061946902
2009,estimated_upper,估算上界,3,2486,0.5303731633145616,43961931.47606601,46434523.68596401,1160863092.1491,2205639875.08329,-6971259581.182919,758304.6498266917,25932004120.98544,23338803708.886898,16612797.923767619,481,1976,4396.193147606601,4643.452368596401,19.348350764279967
2010,estimated_lower,估算下界,1,2486,0.059538261174577514,5900848.09425813,23660045.066202775,354900675.99304163,348985664.7264909,-188988656.62821448,160938.52430179156,9604479813.497631,4322015916.073935,4105645.859230822,1096,1137,590.084809425813,2366.0045066202774,44.08688656476267
2010,estimated_base,估算基准,2,2486,0.21939211584875304,18956536.8050425,32135333.6853775,642706673.70755,899789343.19057,-1051480780.2113229,362466.39588276885,16233255841.1287,10551616296.733656,8673102.048505537,936,1483,1895.6536805042501,3213.53336853775,37.650844730490746
2010,estimated_upper,估算上界,3,2486,0.30626921078037017,26052019.80003401,37056672.74581601,926416818.6454002,1760191955.4262602,-5434235310.4119625,625042.4896302625,26481642073.939804,23833477866.545822,16975127.226287585,880,1584,2605.201980003401,3705.667274581601,35.39823008849557
2011,estimated_lower,估算下界,1,2486,0.32874593724859197,27569873.691883508,30633871.25983917,459508068.89758754,451849601.0826278,-314066055.3261403,200828.013268541,9635932137.390236,4336169461.825606,4115544.103793296,527,1656,2756.987369188351,3063.387125983917,21.198712791633145
2011,estimated_base,估算基准,2,2486,0.4977626307320997,41378911.14568,42800716.0559775,856014321.11955,1198420049.56737,-1598364684.3507712,464780.734855346,16286206005.616697,10586033903.650854,8693893.992322404,283,2092,4137.891114568,4280.07160559775,11.383748994368464
2011,estimated_upper,估算上界,3,2486,0.589619529364441,48883822.80535201,49823566.618296005,1245589165.4574,2366619414.3690605,-8161925749.800955,809090.0833737899,26567274218.00747,23910546796.206722,17015313.937921774,178,2293,4888.382280535201,4982.356661829601,7.160096540627514
2012,estimated_lower,估算下界,1,2486,0.07151503420756221,7080629.060640468,25121966.737974092,376829501.0696114,370549009.3851179,-176961197.56120095,169521.07582566867,9638556587.257935,4337350464.26607,4119565.822358093,1065,1169,708.0629060640468,2512.1966737974094,42.839903459372486
2012,estimated_base,估算基准,2,2486,0.23003713596138373,20044244.73858,33683603.2518825,673672065.03765,943140891.0527099,-1004258747.5204512,377927.0747450058,16290669156.119862,10588934951.47791,8702447.858367644,935,1479,2004.424473858,3368.36032518825,37.610619469026545
2012,estimated_upper,估算上界,3,2486,0.3161904521319389,27089688.041808005,38607623.167266004,965190579.1816502,1833862100.445135,-5529889304.862556,648691.1102103434,26574555600.7492,23917100040.67428,17032164.93716128,859,1605,2708.9688041808004,3860.7623167266006,34.55349959774738
2013,estimated_lower,估算下界,1,2486,0.21886440404666116,18697948.92721359,29278334.77454413,439175021.618162,431855437.924526,-207887523.97599813,197074.02171062535,9372325066.875912,4217546280.0941606,4001413.6853233166,852,1307,1869.794892721359,2927.8334774544132,34.27192276749798
2013,estimated_base,估算基准,2,2486,0.3879250573209976,32497630.55562,39628853.916395,792577078.3279,1109607909.65906,-1194956402.8852699,442156.8159549141,15840959768.367779,10296623849.439056,8452908.875644179,652,1729,3249.763055562,3962.8853916395,26.22687047465809
2013,estimated_upper,估算上界,3,2486,0.47980584714400654,39997457.52758001,45623188.973606005,1140579724.34015,2167101476.2462854,-6557125315.184382,761229.9218722337,25841920616.609165,23257728554.94825,16544182.57949164,539,1927,3999.745752758001,4562.3188973606,21.68141592920354
2014,estimated_lower,估算下界,1,2486,0.14671595968624282,13013983.602110708,29060913.981554795,435913709.7233219,428648481.2279332,-64818546.495360784,195834.07211303734,9259562620.397255,4166803179.178765,3947431.9790053144,1197,809,1301.398360211071,2906.0913981554795,48.14963797264682
2014,estimated_base,估算基准,2,2486,0.3070839652051488,26122771.193159997,37293071.0507725,745861421.01545,1044205989.42163,-813553242.9280365,417113.5689881686,15650550587.397324,10172857881.808262,8339097.373187746,997,1366,2612.2771193159997,3729.3071050772505,40.10458567980692
2014,estimated_upper,估算上界,3,2486,0.39424048994368466,33247112.275252007,42289901.314432,1057247532.8608001,2008770312.4355202,-5360542072.867567,707991.6762168355,25531235111.487324,22978111600.33859,16321725.197978087,852,1612,3324.7112275252007,4228.9901314432,34.27192276749798
2015,estimated_lower,估算下界,1,2486,-0.02588220696701542,-1097130.7161412311,25206027.415937595,378090411.2390639,371788904.3850795,-93993208.43983252,172742.52586552466,9280517431.987335,4176232844.3943005,3963153.1633401224,1250,888,-109.71307161412311,2520.6027415937597,50.2815768302494
2015,estimated_base,估算基准,2,2486,0.1311498049074819,11739780.3576025,32640697.9115225,652813958.23045,913939541.52263,-677456810.1388953,370087.5772765438,15685873829.581944,10195817989.228264,8372185.615113909,1169,1244,1173.97803576025,3264.06979115225,47.02333065164924
2015,estimated_upper,估算上界,3,2486,0.21649328962188263,18716362.462898005,36886226.36659,922155659.1647501,1752095752.4130251,-4059110372.3568044,624606.6319964334,25588891375.146713,23030002237.632046,16386316.350916011,1115,1356,1871.6362462898005,3688.622636659,44.85116653258246
2016,estimated_lower,估算下界,1,2486,-0.15885910070796477,-12263806.518629273,20969503.145287953,314542547.1793193,309300171.3929973,-142870928.3977463,142786.6247072221,9258357191.906717,4166260736.358023,3949389.2858469686,1281,1015,-1226.3806518629274,2096.9503145287954,51.528559935639585
2016,estimated_base,估算基准,2,2486,-0.002500786403861641,496224.0470474987,27946392.37012,558927847.4024,782498986.36336,-727500933.010689,315596.60304867727,15648412861.007996,10171468359.655197,8343080.534351165,1224,1200,49.62240470474987,2794.639237012,49.23572003218021
2016,estimated_upper,估算上界,3,2486,0.08247655832662917,7431023.267524005,31875417.480526004,796885437.0131501,1514082330.3249853,-3930989203.4459915,538584.9597198553,25527726619.14234,22974953957.228107,16329231.491225505,1186,1287,743.1023267524005,3187.5417480526003,47.707160096540626
2017,estimated_lower,估算下界,1,2486,0.11559695577634743,10339526.56661163,26647773.903927334,399716608.55891,393054665.0829282,-99707980.52763426,182410.47646990974,9170005559.812965,4126502501.9158344,3909175.2216978325,1201,886,1033.952656661163,2664.777390392733,48.31053901850362
2017,estimated_base,估算基准,2,2486,0.28022855289621884,23801983.086625002,35173100.69568,703462013.9136,984846819.47904,-942409123.8041388,399329.3465911017,15499063782.993576,10074391458.945824,8258167.901882374,951,1441,2380.1983086625,3517.310069568,38.25422365245374
2017,estimated_upper,估算上界,3,2486,0.3697022469831055,31118535.54315401,40308165.23187201,1007704130.7968001,1914637848.5139203,-5469792426.211472,684208.4016062932,25283968506.03601,22755571655.43241,16163106.333326248,859,1615,3111.8535543154007,4030.816523187201,34.55349959774738
2018,estimated_lower,估算下界,1,2486,0.07592461128720823,6986556.833631429,23607030.481884714,354105457.2282707,348203699.60779953,-122378577.0042635,160755.5447554002,9228563363.03832,4152853513.367244,3935567.737965182,1252,943,698.6556833631429,2360.7030481884713,50.362027353177794
2018,estimated_base,估算基准,2,2486,0.23926244267900243,20337735.69509,31405380.70503,628107614.1006,879350659.74084,-821348363.3617902,354489.3889842357,15597639919.724451,10138465947.820892,8313698.139406651,1107,1293,2033.773569509,3140.538070503,44.52936444086887
2018,estimated_upper,估算上界,3,2486,0.32803300321802104,27593811.16327401,36138598.854086004,903464971.3521501,1716583445.5690854,-5334646944.89125,610075.8674665099,25443723634.122044,22899351270.70984,16271073.744178774,914,1561,2759.381116327401,3613.8598854086003,36.76588897827836
2019,estimated_lower,估算下界,1,2486,0.13553699916331438,12219866.501430746,32189854.47485705,482847817.1228558,474800353.5041415,-82888337.14479493,218423.7582879328,9091702385.797888,4091266073.6090493,3875924.535100656,1038,889,1221.9866501430747,3218.985447485705,41.7538213998391
2019,estimated_base,估算基准,2,2486,0.30455440466613026,26051445.307974998,41495112.280182496,829902245.60365,1161863143.84511,-763128074.9744048,467413.90721172426,15366632409.414093,9988311066.119162,8187927.607321661,932,1421,2605.1445307975,4149.511228018249,37.48994368463395
2019,estimated_upper,估算上界,3,2486,0.3964116902654868,33568607.70283601,46758473.685774006,1168961842.14435,2221027500.074265,-4853992727.879432,788243.508546256,25067524560.64711,22560772104.5824,16025485.516708106,884,1577,3356.8607702836007,4675.847368577401,35.55913113435237
2020,estimated_lower,估算下界,1,2486,-0.1640490037972648,-12329617.891230531,17809761.065361816,267146415.98042724,262693975.71408677,-148774960.34045997,116697.20553114958,9242623149.838886,4159180417.427499,3944660.602744246,1393,922,-1232.961789123053,1780.9761065361815,56.033789219629924
2020,estimated_base,估算基准,2,2486,-0.0021120796460176875,912142.2349950008,24749169.274455,494983385.48910004,692976739.6847401,-758183042.5592612,270349.8385782913,15621343586.383675,10153873331.14939,8332879.055347857,1297,1107,91.21422349950008,2474.9169274455,52.17216411906678
2020,estimated_upper,估算上界,3,2486,0.08589711826226878,8108750.999248006,28785641.179540005,719641029.4885001,1367317956.0281503,-4136598703.612359,471684.81041520473,25482338544.137627,22934104689.72386,16308596.128480555,1221,1254,810.8750999248007,2878.5641179540003,49.11504424778761
2021,estimated_lower,估算下界,1,2486,-0.12462214504424793,-9626499.298973152,12699162.832844716,190487442.4926707,187312651.78445956,-181752614.4001438,78312.44022807122,9142670658.26606,4114201796.2197275,3903037.2343859593,1501,828,-962.6499298973152,1269.9162832844715,60.37811745776348
2021,estimated_base,估算基准,2,2486,0.03567871379726467,3469450.957152499,19314394.631105,386287892.6221,540803049.67094,-967338681.0002418,201686.5284369673,15452216008.53706,10043940405.54909,8244830.702305555,1261,1135,346.94509571524986,1931.4394631105,50.724054706355595
2021,estimated_upper,估算上界,3,2486,0.1227987457763476,10586815.226786006,23575390.633458003,589384765.8364501,1119831055.089255,-5330826963.209581,371072.1971253073,25206031312.7755,22685428181.49795,16135974.616773626,1055,1419,1058.6815226786007,2357.5390633458005,42.43765084473049
2022,estimated_lower,估算下界,1,2486,0.060929880997586346,5253369.226826108,21122802.133762993,316842032.00644493,311561331.47300416,-251510022.31189105,143822.75276849372,9218557311.623703,4148350790.2306666,3933280.0976565885,1034,1280,525.3369226826109,2112.2802133762993,41.5929203539823
2022,estimated_base,估算基准,2,2486,0.23008052292839903,19084833.832935,30373779.966197502,607475599.32395,850465839.05353,-1226421825.8020658,342726.6033237244,15580662684.903618,10127430745.187351,8308750.596655973,837,1580,1908.4833832935,3037.3779966197503,33.668543845535
2022,estimated_upper,估算上界,3,2486,0.32201021962992765,26601934.16234201,35833543.424536005,895838585.6134001,1702093312.6654603,-6165560515.769761,604304.103029587,25416200924.32708,22874580831.89437,16261292.511577537,730,1746,2660.193416234201,3583.3543424536006,29.36444086886565
2023,estimated_lower,估算下界,1,2486,0.05084943598551876,4619283.310398108,21978016.050243754,329670240.7536563,324175736.74109536,-146117754.81620878,144701.17032051386,9039758525.619633,4067891336.5288353,3857973.208197771,1255,987,461.9283310398108,2197.8016050243755,50.4827031375704
2023,estimated_base,估算基准,2,2486,0.2162474567578439,18141119.711175,30092541.673535,601850833.4707,842591166.8589801,-901297871.9120675,330276.22411693085,15278894028.134426,9931281118.287378,8149953.244858516,1069,1317,1814.1119711175,3009.2541673535,43.00080450522928
2023,estimated_upper,估算上界,3,2486,0.30613768543845543,25489943.842032008,34979371.090394005,874484277.2598501,1661520126.7937152,-5339117154.880094,575266.3374608733,24924709647.187447,22432238682.468704,15951131.898088885,897,1560,2548.9943842032008,3497.9371090394006,36.08205953338697
2024,estimated_lower,估算下界,1,2486,-0.18278510139983922,-14591959.205235971,15211280.125999415,228169201.88999122,224366381.85849136,-193262141.10282588,100845.8747669916,8982851217.140121,4042283047.713055,3831825.398049636,1382,991,-1459.1959205235971,1521.1280125999415,55.59131134352373
2024,estimated_base,估算基准,2,2486,-0.017639171359613817,-1089441.899984998,22257239.793205,445144795.86410004,623202714.20974,-903785027.2472603,246306.62812314776,15182670979.42151,9868736136.623981,8094695.114469575,1233,1197,-108.9441899984998,2225.7239793205,49.597747385358005
2024,estimated_upper,估算上界,3,2486,0.07211405148833476,6248882.722434008,26439421.372772004,660985534.3193002,1255872515.2066703,-4412053140.237586,438575.0568568598,24767808915.557663,22291028024.001896,15843048.766552024,1157,1312,624.8882722434007,2643.9421372772003,46.54062751407884
